timestamp;cycle;thumb;index;middle;ring;pinkie;thumb_y;index_y;middle_y;ring_y;pinkie_y
1716468338.8465362;0;435;609;616;540;519;9;9;9;9;9
1716468338.8735006;0;435;609;616;540;519;9;9;9;9;9
1716468338.8874924;0;435;609;616;540;519;9;9;9;9;9
1716468338.9134889;0;435;609;616;541;519;9;9;9;9;9
1716468338.9374778;0;435;609;616;541;519;9;9;9;9;9
1716468338.9574668;0;435;609;616;541;519;9;9;9;9;9
1716468338.9943614;0;435;609;616;540;519;9;9;9;9;9
1716468338.9963617;0;435;609;616;540;519;9;9;9;9;9
1716468339.0170543;0;435;609;616;540;519;9;9;9;9;9
1716468339.0550284;0;435;609;616;540;519;9;9;9;9;9
1716468339.0560296;0;435;609;616;540;519;9;9;9;9;9
1716468339.0768945;0;435;609;616;540;519;9;9;9;9;9
1716468339.0869253;0;435;609;616;540;520;9;9;9;9;9
1716468339.1173203;0;435;609;616;540;520;9;9;9;9;9
1716468339.1273196;0;435;609;616;540;520;9;9;9;9;9
1716468339.147326;0;435;609;617;540;520;9;9;9;9;9
1716468339.1938674;0;435;609;617;540;520;9;9;9;9;9
1716468339.1957357;0;435;609;617;540;520;9;9;9;9;9
1716468339.2173417;0;435;609;618;540;520;9;9;9;9;9
1716468339.2283394;0;435;609;618;540;520;9;9;9;9;9
1716468339.2473292;0;435;609;618;540;520;9;9;9;9;9
1716468339.2663202;0;435;609;618;540;520;9;9;9;9;9
1716468339.2877107;0;435;609;618;541;520;9;9;9;9;9
1716468339.3132162;0;435;609;618;541;520;9;9;9;9;9
1716468339.3272;0;435;609;618;541;520;9;9;9;9;9
1716468339.359182;0;436;610;618;541;521;9;9;9;9;9
1716468339.3938725;0;436;610;618;541;521;9;9;9;9;9
1716468339.3957357;0;436;610;618;541;521;9;9;9;9;9
1716468339.4343963;0;436;610;619;541;523;9;9;9;9;9
1716468339.4363828;0;436;610;619;541;523;9;9;9;9;9
1716468339.4463987;0;436;610;619;541;523;9;9;9;9;9
1716468339.4673657;0;438;611;620;542;525;9;9;9;9;9
1716468339.4863713;0;438;611;620;542;525;9;9;9;9;9
1716468339.5342238;0;438;611;620;542;525;9;9;9;9;9
1716468339.5372252;0;440;612;621;544;528;9;9;9;9;9
1716468339.5737398;0;440;612;621;544;528;9;9;9;9;9
1716468339.5757394;0;440;612;621;544;528;9;9;9;9;9
1716468339.5867329;0;442;613;622;546;532;9;9;9;9;9
1716468339.60737;0;442;613;622;546;532;9;9;9;9;9
1716468339.6377985;0;442;613;622;546;532;9;9;9;9;9
1716468339.6467927;0;444;615;624;549;535;9;9;9;9;9
1716468339.667035;0;444;615;624;549;535;9;9;9;9;9
1716468339.6870983;0;444;615;624;549;535;9;9;9;9;9
1716468339.7071388;0;446;616;627;553;540;9;9;9;9;9
1716468339.72813;0;446;616;627;553;540;9;9;9;9;9
1716468339.7471418;0;446;616;627;553;540;9;9;9;9;9
1716468339.7674632;0;448;618;632;556;545;9;9;9;9;9
1716468339.7873676;0;448;618;632;556;545;9;9;9;9;9
1716468339.8067296;0;448;618;632;556;545;9;9;9;9;9
1716468339.8377297;0;449;620;635;559;551;9;9;9;9;9
1716468339.8467236;0;449;620;635;559;551;9;9;9;9;9
1716468339.866951;0;449;620;635;559;551;9;9;9;9;9
1716468339.8870583;0;450;621;638;561;556;9;9;9;9;9
1716468339.9173312;0;450;621;638;561;556;9;9;9;9;9
1716468339.927332;0;450;621;638;561;556;9;9;9;9;9
1716468339.9473193;0;451;624;642;564;562;9;9;9;9;9
1716468339.9774492;0;451;624;642;564;562;9;9;9;9;9
1716468339.9869633;0;451;624;642;564;562;9;9;9;9;9
1716468340.007482;0;451;625;645;565;564;9;9;9;9;9
1716468340.027477;0;451;625;645;565;564;9;9;9;9;9
1716468340.0574691;0;451;625;645;565;564;9;9;9;9;9
1716468340.0664744;0;452;626;646;566;564;9;9;9;9;9
1716468340.087029;0;452;626;646;566;564;9;9;9;9;9
1716468340.113515;0;452;626;646;566;564;9;9;9;9;9
1716468340.1286254;0;451;626;646;566;564;9;9;9;9;9
1716468340.1470501;0;451;626;646;566;564;9;9;9;9;9
1716468340.1774411;0;451;626;646;566;564;9;9;9;9;9
1716468340.186906;0;449;623;643;562;559;9;9;9;9;9
1716468340.2070177;0;449;623;643;562;559;9;9;9;9;9
1716468340.234007;0;449;623;643;562;559;9;9;9;9;9
1716468340.2570152;0;445;620;637;557;550;9;9;9;9;9
1716468340.2668421;0;445;620;637;557;550;9;9;9;9;9
1716468340.2877352;0;445;620;637;557;550;9;9;9;9;9
1716468340.334361;0;444;614;626;550;537;9;9;9;9;9
1716468340.3363652;0;444;614;626;550;537;9;9;9;9;9
1716468340.347378;0;444;614;626;550;537;9;9;9;9;9
1716468340.3773427;0;442;609;619;544;527;9;9;9;9;9
1716468340.3863568;0;442;609;619;544;527;9;9;9;9;9
1716468340.4070523;0;442;609;619;544;527;9;9;9;9;9
1716468340.4380395;0;440;608;616;542;523;9;9;9;9;9
1716468340.4743311;0;440;608;616;542;523;9;9;9;9;9
1716468340.4761648;0;440;608;616;542;523;9;9;9;9;9
1716468340.4974704;0;438;607;615;540;522;9;9;9;9;9
1716468340.506977;0;438;607;615;540;522;9;9;9;9;9
1716468340.5269885;0;438;607;615;540;522;9;9;9;9;9
1716468340.5469775;0;438;607;614;540;522;9;9;9;9;9
1716468340.5770442;0;438;607;614;540;522;9;9;9;9;9
1716468340.5874705;0;438;607;614;540;522;9;9;9;9;9
1716468340.6076906;0;438;607;614;540;522;9;9;9;9;9
1716468340.637723;0;438;607;614;540;521;9;9;9;9;9
1716468340.6743965;0;438;607;614;540;521;9;9;9;9;9
1716468340.6762593;0;438;607;614;540;521;9;9;9;9;9
1716468340.687069;0;439;608;614;540;522;9;9;9;9;9
1716468340.706837;0;439;608;614;540;522;9;9;9;9;9
1716468340.72731;0;439;608;614;540;522;9;9;9;9;9
1716468340.7562902;0;443;609;616;542;524;9;9;9;9;9
1716468340.77322;0;443;609;616;542;524;9;9;9;9;9
1716468340.8144326;0;443;609;616;542;524;9;9;9;9;9
1716468340.8164396;0;448;610;620;545;527;9;9;9;9;9
1716468340.8384597;0;448;610;620;545;527;9;9;9;9;9
1716468340.860467;0;448;610;620;545;527;9;9;9;9;9
1716468340.8674624;0;452;613;622;548;531;9;9;9;9;9
1716468340.8874629;0;452;613;622;548;531;9;9;9;9;9
1716468340.9167888;0;452;613;622;548;531;9;9;9;9;9
1716468340.9288878;0;453;616;626;552;536;9;9;9;9;9
1716468340.9468946;0;453;616;626;552;536;9;9;9;9;9
1716468340.9770117;0;453;616;626;552;536;9;9;9;9;9
1716468340.9973667;0;455;618;630;556;540;9;9;9;9;9
1716468341.0311897;0;455;618;630;556;540;9;9;9;9;9
1716468341.0331929;0;455;618;630;556;540;9;9;9;9;9
1716468341.0461855;0;455;620;632;558;543;9;9;9;9;9
1716468341.0671742;0;455;620;632;558;543;9;9;9;9;9
1716468341.0867684;0;455;620;632;558;543;9;9;9;9;9
1716468341.1070592;0;456;621;634;560;544;9;9;9;9;9
1716468341.1270525;0;456;621;634;560;544;9;9;9;9;9
1716468341.147041;0;456;621;634;560;544;9;9;9;9;9
1716468341.167699;0;457;622;635;560;545;9;9;9;9;9
1716468341.1875365;0;457;622;635;560;545;9;9;9;9;9
1716468341.2073667;0;457;622;635;560;545;9;9;9;9;9
1716468341.2273579;0;458;622;635;560;544;9;9;9;9;9
1716468341.2473626;0;458;622;635;560;544;9;9;9;9;9
1716468341.2667797;0;458;622;635;560;544;9;9;9;9;9
1716468341.2875223;0;453;619;632;558;542;9;9;9;9;9
1716468341.317006;0;453;619;632;558;542;9;9;9;9;9
1716468341.3290029;0;453;619;632;558;542;9;9;9;9;9
1716468341.3469265;0;448;617;625;551;534;9;9;9;9;9
1716468341.377153;0;448;617;625;551;534;9;9;9;9;9
1716468341.4147353;0;448;617;625;551;534;9;9;9;9;9
1716468341.416785;0;445;615;620;545;527;9;9;9;9;9
1716468341.4277844;0;445;615;620;545;527;9;9;9;9;9
1716468341.4467719;0;445;615;620;545;527;9;9;9;9;9
1716468341.4667597;0;442;611;617;542;522;9;9;9;9;9
1716468341.4867876;0;442;611;617;542;522;9;9;9;9;9
1716468341.5134554;0;442;611;617;542;522;9;9;9;9;9
1716468341.5383692;0;440;609;615;540;520;9;9;9;9;9
1716468341.5753999;0;440;609;615;540;520;9;9;9;9;9
1716468341.5763917;0;440;609;615;540;520;9;9;9;9;9
1716468341.597175;0;439;608;614;539;519;9;9;9;9;9
1716468341.6068213;0;439;608;614;539;519;9;9;9;9;9
1716468341.6278133;0;439;608;614;539;519;9;9;9;9;9
1716468341.6799135;0;440;608;614;539;519;9;9;9;9;9
1716468341.686909;0;440;608;614;539;519;9;9;9;9;9
1716468341.6888876;0;440;608;614;539;519;9;9;9;9;9
1716468341.7070503;0;441;609;615;540;520;9;9;9;9;9
1716468341.7370381;0;441;609;615;540;520;9;9;9;9;9
1716468341.784314;0;441;609;615;540;520;9;9;9;9;9
1716468341.7861762;0;445;611;617;541;522;9;9;9;9;9
1716468341.796844;0;445;611;617;541;522;9;9;9;9;9
1716468341.8074627;0;445;611;617;541;522;9;9;9;9;9
1716468341.8270278;0;451;612;619;543;525;9;9;9;9;9
1716468341.8599906;0;451;612;619;543;525;9;9;9;9;9
1716468341.8891943;0;451;612;619;543;525;9;9;9;9;9
1716468341.8924985;0;456;615;622;546;528;9;9;9;9;9
1716468341.9168365;0;456;615;622;546;528;9;9;9;9;9
1716468341.9548175;0;456;615;622;546;528;9;9;9;9;9
1716468341.9558187;0;456;615;622;546;528;9;9;9;9;9
1716468341.967813;0;457;618;626;550;532;9;9;9;9;9
1716468341.9868364;0;457;618;626;550;532;9;9;9;9;9
1716468342.0071313;0;457;618;626;550;532;9;9;9;9;9
1716468342.028123;0;458;620;631;554;537;9;9;9;9;9
1716468342.0571234;0;458;620;631;554;537;9;9;9;9;9
1716468342.0893006;0;458;620;631;554;537;9;9;9;9;9
1716468342.0924234;0;459;622;634;557;541;9;9;9;9;9
1716468342.1071403;0;459;622;634;557;541;9;9;9;9;9
1716468342.1503606;0;459;622;634;557;541;9;9;9;9;9
1716468342.1523588;0;465;623;636;559;542;9;9;9;9;9
1716468342.173591;0;465;623;636;559;542;9;9;9;9;9
1716468342.1874716;0;465;623;636;559;542;9;9;9;9;9
1716468342.2074623;0;469;623;637;560;543;9;9;9;9;9
1716468342.2275555;0;469;623;637;560;543;9;9;9;9;9
1716468342.2565386;0;469;623;637;560;543;9;9;9;9;9
1716468342.294351;0;469;623;637;561;544;9;9;9;9;9
1716468342.2963917;0;469;623;637;561;544;9;9;9;9;9
1716468342.3075936;0;469;623;637;561;544;9;9;9;9;9
1716468342.3276458;0;469;623;637;560;543;9;9;9;9;9
1716468342.3466308;0;469;623;637;560;543;9;9;9;9;9
1716468342.3669558;0;469;623;637;560;543;9;9;9;9;9
1716468342.3968413;0;465;622;636;560;542;9;9;9;9;9
1716468342.4070065;0;465;622;636;560;542;9;9;9;9;9
1716468342.4280088;0;465;622;636;560;542;9;9;9;9;9
1716468342.4570074;0;454;619;632;556;539;9;9;9;9;9
1716468342.5225646;0;454;619;632;556;539;9;9;9;9;9
1716468342.5243213;0;454;619;632;556;539;9;9;9;9;9
1716468342.5265508;0;448;616;625;550;531;9;9;9;9;9
1716468342.5375519;0;448;616;625;550;531;9;9;9;9;9
1716468342.547544;0;448;616;625;550;531;9;9;9;9;9
1716468342.5665336;0;447;612;620;544;524;9;9;9;9;9
1716468342.587444;0;447;612;620;544;524;9;9;9;9;9
1716468342.6071572;0;447;612;620;544;524;9;9;9;9;9
1716468342.627835;0;445;609;616;542;521;9;9;9;9;9
1716468342.6468413;0;445;609;616;542;521;9;9;9;9;9
1716468342.677009;0;445;609;616;542;521;9;9;9;9;9
1716468342.6871095;0;444;609;615;541;520;9;9;9;9;9
1716468342.707602;0;444;609;615;541;520;9;9;9;9;9
1716468342.7375886;0;444;609;615;541;520;9;9;9;9;9
1716468342.746606;0;443;608;615;540;520;9;9;9;9;9
1716468342.767555;0;443;608;615;540;520;9;9;9;9;9
1716468342.7874599;0;443;608;615;540;520;9;9;9;9;9
1716468342.817549;0;443;609;615;540;519;9;9;9;9;9
1716468342.8275466;0;443;609;615;540;519;9;9;9;9;9
1716468342.853395;0;443;609;615;540;519;9;9;9;9;9
1716468342.8773897;0;443;610;616;542;519;9;9;9;9;9
1716468342.8871858;0;443;610;616;542;519;9;9;9;9;9
1716468342.9070559;0;443;610;616;542;519;9;9;9;9;9
1716468342.9281638;0;446;611;618;544;522;9;9;9;9;9
1716468342.9471757;0;446;611;618;544;522;9;9;9;9;9
1716468342.9676979;0;446;611;618;544;522;9;9;9;9;9
1716468342.9874597;0;449;612;621;546;525;9;9;9;9;9
1716468343.029366;0;449;612;621;546;525;9;9;9;9;9
1716468343.0324163;0;449;612;621;546;525;9;9;9;9;9
1716468343.0533843;0;451;615;623;549;529;9;9;9;9;9
1716468343.0673773;0;451;615;623;549;529;9;9;9;9;9
1716468343.0878472;0;451;615;623;549;529;9;9;9;9;9
1716468343.107064;0;453;616;627;553;533;9;9;9;9;9
1716468343.1390438;0;453;616;627;553;533;9;9;9;9;9
1716468343.146039;0;453;616;627;553;533;9;9;9;9;9
1716468343.167698;0;453;618;631;557;536;9;9;9;9;9
1716468343.1972384;0;453;618;631;557;536;9;9;9;9;9
1716468343.2173505;0;453;618;631;557;536;9;9;9;9;9
1716468343.2283523;0;453;618;631;557;536;9;9;9;9;9
1716468343.2463422;0;454;619;634;560;539;9;9;9;9;9
1716468343.2735274;0;454;619;634;560;539;9;9;9;9;9
1716468343.2871733;0;454;619;634;560;539;9;9;9;9;9
1716468343.3070655;0;455;620;635;561;540;9;9;9;9;9
1716468343.3290558;0;455;620;635;561;540;9;9;9;9;9
1716468343.3460476;0;455;620;635;561;540;9;9;9;9;9
1716468343.4049678;0;455;621;636;562;541;9;9;9;9;9
1716468343.406971;0;455;621;636;562;541;9;9;9;9;9
1716468343.4175146;0;455;621;636;562;541;9;9;9;9;9
1716468343.4276094;0;455;621;637;562;541;9;9;9;9;9
1716468343.4667397;0;455;621;637;562;541;9;9;9;9;9
1716468343.4737613;0;455;621;637;562;541;9;9;9;9;9
1716468343.4875693;0;455;621;637;562;541;9;9;9;9;9
1716468343.5074298;0;455;621;637;562;541;9;9;9;9;9
1716468343.5369263;0;455;621;637;562;541;9;9;9;9;9
1716468343.5469208;0;454;620;636;561;540;9;9;9;9;9
1716468343.5671363;0;454;620;636;561;540;9;9;9;9;9
1716468343.6140106;0;454;620;636;561;540;9;9;9;9;9
1716468343.6512692;0;451;618;632;557;536;9;9;9;9;9
1716468343.6533089;0;451;618;632;557;536;9;9;9;9;9
1716468343.655286;0;451;618;632;557;536;9;9;9;9;9
1716468343.6772742;0;447;615;624;549;527;9;9;9;9;9
1716468343.6972644;0;447;615;624;549;527;9;9;9;9;9
1716468343.708261;0;447;615;624;549;527;9;9;9;9;9
1716468343.7272468;0;444;613;618;544;522;9;9;9;9;9
1716468343.757229;0;444;613;618;544;522;9;9;9;9;9
1716468343.767173;0;444;613;618;544;522;9;9;9;9;9
1716468343.787098;0;443;611;616;542;520;9;9;9;9;9
1716468343.8345468;0;443;611;616;542;520;9;9;9;9;9
1716468343.8365493;0;443;611;616;542;520;9;9;9;9;9
1716468343.8475637;0;443;610;615;541;520;9;9;9;9;9
1716468343.8675327;0;443;610;615;541;520;9;9;9;9;9
1716468343.8935452;0;443;610;615;541;520;9;9;9;9;9
1716468343.9345634;0;443;610;616;540;520;9;9;9;9;9
1716468343.9365666;0;443;610;616;540;520;9;9;9;9;9
1716468343.956554;0;443;610;616;540;520;9;9;9;9;9
1716468343.967549;0;442;610;616;541;520;9;9;9;9;9
1716468343.9974594;0;442;610;616;541;520;9;9;9;9;9
1716468344.0175335;0;442;610;616;541;520;9;9;9;9;9
1716468344.0275838;0;443;611;617;542;521;9;9;9;9;9
1716468344.0475707;0;443;611;617;542;521;9;9;9;9;9
1716468344.0675595;0;443;611;617;542;521;9;9;9;9;9
1716468344.109885;0;446;612;619;543;524;9;9;9;9;9
1716468344.1128733;0;446;612;619;543;524;9;9;9;9;9
1716468344.1278675;0;446;612;619;543;524;9;9;9;9;9
1716468344.2067301;0;450;614;621;546;528;9;9;9;9;9
1716468344.2095478;0;450;614;621;546;528;9;9;9;9;9
1716468344.2127402;0;450;614;621;546;528;9;9;9;9;9
1716468344.2147772;0;453;616;624;550;531;9;9;9;9;9
1716468344.2287726;0;453;616;624;550;531;9;9;9;9;9
1716468344.2467618;0;453;616;624;550;531;9;9;9;9;9
1716468344.2677507;0;454;617;627;553;536;9;9;9;9;9
1716468344.287429;0;454;617;627;553;536;9;9;9;9;9
1716468344.307059;0;454;617;627;553;536;9;9;9;9;9
1716468344.3280506;0;455;618;631;557;540;9;9;9;9;9
1716468344.3610392;0;455;618;631;557;540;9;9;9;9;9
1716468344.367908;0;455;618;631;557;540;9;9;9;9;9
1716468344.387466;0;456;619;632;558;541;9;9;9;9;9
1716468344.417547;0;456;619;632;558;541;9;9;9;9;9
1716468344.427504;0;456;619;632;558;541;9;9;9;9;9
1716468344.4475129;0;458;619;634;560;542;9;9;9;9;9
1716468344.4771369;0;458;619;634;560;542;9;9;9;9;9
1716468344.5145555;0;458;619;634;560;542;9;9;9;9;9
1716468344.5166125;0;458;619;634;560;542;9;9;9;9;9
1716468344.5376043;0;460;620;635;560;543;9;9;9;9;9
1716468344.5476193;0;460;620;635;560;543;9;9;9;9;9
1716468344.566587;0;460;620;635;560;543;9;9;9;9;9
1716468344.5878375;0;461;620;636;561;544;9;9;9;9;9
1716468344.6074529;0;461;620;636;561;544;9;9;9;9;9
1716468344.6274548;0;461;620;636;561;544;9;9;9;9;9
1716468344.646454;0;461;620;636;561;544;9;9;9;9;9
1716468344.6774843;0;461;620;636;561;544;9;9;9;9;9
1716468344.7415617;0;461;620;636;561;544;9;9;9;9;9
1716468344.743565;0;461;620;636;561;544;9;9;9;9;9
1716468344.745563;0;461;620;636;561;544;9;9;9;9;9
1716468344.7575552;0;461;620;636;561;544;9;9;9;9;9
1716468344.7665517;0;455;618;634;559;541;9;9;9;9;9
1716468344.78754;0;455;618;634;559;541;9;9;9;9;9
1716468344.8068254;0;455;618;634;559;541;9;9;9;9;9
1716468344.8278172;0;449;616;628;553;534;9;9;9;9;9
1716468344.8468287;0;449;616;628;553;534;9;9;9;9;9
1716468344.8770614;0;449;616;628;553;534;9;9;9;9;9
1716468344.912634;0;445;614;622;546;527;9;9;9;9;9
1716468344.9455242;0;445;614;622;546;527;9;9;9;9;9
1716468344.948489;0;445;614;622;546;527;9;9;9;9;9
1716468344.9514856;0;443;612;618;543;522;9;9;9;9;9
1716468344.967479;0;443;612;618;543;522;9;9;9;9;9
1716468344.9864657;0;443;612;618;543;522;9;9;9;9;9
1716468345.0074735;0;440;610;617;541;521;9;9;9;9;9
1716468345.0278282;0;440;610;617;541;521;9;9;9;9;9
1716468345.0468144;0;440;610;617;541;521;9;9;9;9;9
1716468345.0774333;0;439;609;615;540;520;9;9;9;9;9
1716468345.1426044;0;439;609;615;540;520;9;9;9;9;9
1716468345.1446064;0;439;609;615;540;520;9;9;9;9;9
1716468345.1476076;0;437;609;614;539;518;9;9;9;9;9
1716468345.1576035;0;437;609;614;539;518;9;9;9;9;9
1716468345.209953;0;437;609;614;539;518;9;9;9;9;9
1716468345.2128851;0;436;609;614;539;518;9;9;9;9;9
1716468345.2147453;0;436;609;614;539;518;9;9;9;9;9
1716468345.2337375;0;436;609;614;539;518;9;9;9;9;9
1716468345.2467303;0;436;609;614;540;520;9;9;9;9;9
1716468345.3271854;0;436;609;614;540;520;9;9;9;9;9
1716468345.329732;0;436;609;614;540;520;9;9;9;9;9
1716468345.3329208;0;439;612;616;544;525;9;9;9;9;9
1716468345.3359222;0;439;612;616;544;525;9;9;9;9;9
1716468345.3469357;0;439;612;616;544;525;9;9;9;9;9
1716468345.3669271;0;443;615;619;549;529;9;9;9;9;9
1716468345.3877673;0;443;615;619;549;529;9;9;9;9;9
1716468345.4172318;0;443;615;619;549;529;9;9;9;9;9
1716468345.453215;0;447;619;624;554;537;9;9;9;9;9
1716468345.4700634;0;447;619;624;554;537;9;9;9;9;9
1716468345.473121;0;447;619;624;554;537;9;9;9;9;9
1716468345.4875238;0;451;621;627;557;543;9;9;9;9;9
1716468345.5075147;0;451;621;627;557;543;9;9;9;9;9
1716468345.5285072;0;451;621;627;557;543;9;9;9;9;9
1716468345.5703006;0;452;623;631;560;548;9;9;9;9;9
1716468345.5733154;0;452;623;631;560;548;9;9;9;9;9
1716468345.5870564;0;452;623;631;560;548;9;9;9;9;9
1716468345.6136131;0;453;627;634;563;553;9;9;9;9;9
1716468345.6376169;0;453;627;634;563;553;9;9;9;9;9
1716468345.6466117;0;453;627;634;563;553;9;9;9;9;9
1716468345.6676211;0;453;628;636;565;556;9;9;9;9;9
1716468345.6972291;0;453;628;636;565;556;9;9;9;9;9
1716468345.7073789;0;453;628;636;565;556;9;9;9;9;9
1716468345.7335634;0;452;629;638;566;557;9;9;9;9;9
1716468345.7565498;0;452;629;638;566;557;9;9;9;9;9
1716468345.7734075;0;452;629;638;566;557;9;9;9;9;9
1716468345.7871554;0;450;628;637;565;556;9;9;9;9;9
1716468345.8073375;0;450;628;637;565;556;9;9;9;9;9
1716468345.837516;0;450;628;637;565;556;9;9;9;9;9
1716468345.8464942;0;450;628;637;565;556;9;9;9;9;9
1716468345.8677347;0;449;627;636;563;553;9;9;9;9;9
1716468345.897584;0;449;627;636;563;553;9;9;9;9;9
1716468345.9071853;0;449;627;636;563;553;9;9;9;9;9
1716468345.9281764;0;446;623;631;558;546;9;9;9;9;9
1716468345.9571774;0;446;623;631;558;546;9;9;9;9;9
1716468345.994456;0;446;623;631;558;546;9;9;9;9;9
1716468345.9965062;0;444;620;625;552;537;9;9;9;9;9
1716468346.0172284;0;444;620;625;552;537;9;9;9;9;9
1716468346.0392325;0;444;620;625;552;537;9;9;9;9;9
1716468346.04723;0;442;614;620;546;528;9;9;9;9;9
1716468346.067234;0;442;614;620;546;528;9;9;9;9;9
1716468346.0979593;0;442;614;620;546;528;9;9;9;9;9
1716468346.1073449;0;441;610;617;543;524;9;9;9;9;9
1716468346.1293364;0;441;610;617;543;524;9;9;9;9;9
1716468346.1473272;0;441;610;617;543;524;9;9;9;9;9
1716468346.207338;0;441;609;615;541;522;9;9;9;9;9
1716468346.2240245;0;441;609;615;541;522;9;9;9;9;9
1716468346.226101;0;441;609;615;541;522;9;9;9;9;9
1716468346.2381718;0;442;609;616;542;522;9;9;9;9;9
1716468346.2471683;0;442;609;616;542;522;9;9;9;9;9
1716468346.2761505;0;442;609;616;542;522;9;9;9;9;9
1716468346.286921;0;445;610;618;544;524;9;9;9;9;9
1716468346.3071892;0;445;610;618;544;524;9;9;9;9;9
1716468346.3282263;0;445;610;618;544;524;9;9;9;9;9
1716468346.3592248;0;449;613;621;547;528;9;9;9;9;9
1716468346.3774803;0;449;613;621;547;528;9;9;9;9;9
1716468346.3871691;0;449;613;621;547;528;9;9;9;9;9
1716468346.4073296;0;452;616;624;550;532;9;9;9;9;9
1716468346.4385204;0;452;616;624;550;532;9;9;9;9;9
1716468346.4465349;0;452;616;624;550;532;9;9;9;9;9
1716468346.4671702;0;454;619;628;555;538;9;9;9;9;9
1716468346.4869606;0;454;619;628;555;538;9;9;9;9;9
1716468346.5175588;0;454;619;628;555;538;9;9;9;9;9
1716468346.5286562;0;455;621;631;558;541;9;9;9;9;9
1716468346.5464215;0;455;621;631;558;541;9;9;9;9;9
1716468346.5775306;0;455;621;631;558;541;9;9;9;9;9
1716468346.587613;0;455;622;633;559;543;9;9;9;9;9
1716468346.6072793;0;455;622;633;559;543;9;9;9;9;9
1716468346.6382647;0;455;622;633;559;543;9;9;9;9;9
1716468346.6462822;0;456;622;633;560;544;9;9;9;9;9
1716468346.667152;0;456;622;633;560;544;9;9;9;9;9
1716468346.6933815;0;456;622;633;560;544;9;9;9;9;9
1716468346.7169564;0;456;623;634;560;545;9;9;9;9;9
1716468346.7279248;0;456;623;634;560;545;9;9;9;9;9
1716468346.7569077;0;456;623;634;560;545;9;9;9;9;9
1716468346.777583;0;455;622;633;560;544;9;9;9;9;9
1716468346.7871718;0;455;622;633;560;544;9;9;9;9;9
1716468346.8072927;0;455;622;633;560;544;9;9;9;9;9
1716468346.8376088;0;452;621;632;558;543;9;9;9;9;9
1716468346.8466003;0;452;621;632;558;543;9;9;9;9;9
1716468346.8679667;0;452;621;632;558;543;9;9;9;9;9
1716468346.897185;0;449;619;629;555;540;9;9;9;9;9
1716468346.9176025;0;449;619;629;555;540;9;9;9;9;9
1716468346.9546957;0;449;619;629;555;540;9;9;9;9;9
1716468346.9556954;0;445;617;625;550;533;9;9;9;9;9
1716468346.9767056;0;445;617;625;550;533;9;9;9;9;9
1716468346.986955;0;445;617;625;550;533;9;9;9;9;9
1716468347.0076373;0;443;613;620;545;526;9;9;9;9;9
1716468347.0376632;0;443;613;620;545;526;9;9;9;9;9
1716468347.047659;0;443;613;620;545;526;9;9;9;9;9
1716468347.0675716;0;441;610;617;542;522;9;9;9;9;9
1716468347.087565;0;441;610;617;542;522;9;9;9;9;9
1716468347.1172307;0;441;610;617;542;522;9;9;9;9;9
1716468347.1282806;0;440;609;615;541;521;9;9;9;9;9
1716468347.146538;0;440;609;615;541;521;9;9;9;9;9
1716468347.1665275;0;440;609;615;541;521;9;9;9;9;9
1716468347.1870992;0;440;609;615;541;521;9;9;9;9;9
1716468347.2078035;0;439;609;615;540;520;9;9;9;9;9
1716468347.2337933;0;439;609;615;540;520;9;9;9;9;9
1716468347.247796;0;439;609;615;540;520;9;9;9;9;9
1716468347.284554;0;439;609;615;540;520;9;9;9;9;9
1716468347.2976325;0;439;609;615;540;520;9;9;9;9;9
1716468347.3295295;0;439;609;615;540;520;9;9;9;9;9
1716468347.3335319;0;440;610;616;541;520;9;9;9;9;9
1716468347.347524;0;440;610;616;541;520;9;9;9;9;9
1716468347.3665357;0;440;610;616;541;520;9;9;9;9;9
1716468347.3875291;0;443;611;618;544;522;9;9;9;9;9
1716468347.4072175;0;443;611;618;544;522;9;9;9;9;9
1716468347.4285812;0;443;611;618;544;522;9;9;9;9;9
1716468347.4686456;0;449;613;621;546;525;9;9;9;9;9
1716468347.4724612;0;449;613;621;546;525;9;9;9;9;9
1716468347.4872184;0;449;613;621;546;525;9;9;9;9;9
1716468347.534522;0;454;615;624;549;529;9;9;9;9;9
1716468347.5365305;0;454;615;624;549;529;9;9;9;9;9
1716468347.5465388;0;454;615;624;549;529;9;9;9;9;9
1716468347.5765238;0;456;617;626;553;533;9;9;9;9;9
1716468347.5865188;0;456;617;626;553;533;9;9;9;9;9
1716468347.6077585;0;456;617;626;553;533;9;9;9;9;9
1716468347.6286383;0;457;619;628;555;537;9;9;9;9;9
1716468347.6566207;0;457;619;628;555;537;9;9;9;9;9
1716468347.6671538;0;457;619;628;555;537;9;9;9;9;9
1716468347.686969;0;457;619;629;557;538;9;9;9;9;9
1716468347.7176018;0;457;619;629;557;538;9;9;9;9;9
1716468347.727599;0;457;619;629;557;538;9;9;9;9;9
1716468347.757583;0;457;619;630;557;539;9;9;9;9;9
1716468347.7775629;0;457;619;630;557;539;9;9;9;9;9
1716468347.7972207;0;457;619;630;557;539;9;9;9;9;9
1716468347.8072116;0;457;619;631;558;539;9;9;9;9;9
1716468347.834385;0;457;619;631;558;539;9;9;9;9;9
1716468347.8604124;0;457;619;631;558;539;9;9;9;9;9
1716468347.8676026;0;456;619;631;558;539;9;9;9;9;9
1716468347.8878741;0;456;619;631;558;539;9;9;9;9;9
1716468347.9072182;0;456;619;631;558;539;9;9;9;9;9
1716468347.9287524;0;454;618;630;557;538;9;9;9;9;9
1716468347.947762;0;454;618;630;557;538;9;9;9;9;9
1716468347.97713;0;454;618;630;557;538;9;9;9;9;9
1716468347.9972725;0;449;617;627;553;533;9;9;9;9;9
1716468348.0071795;0;449;617;627;553;533;9;9;9;9;9
1716468348.0386379;0;449;617;627;553;533;9;9;9;9;9
1716468348.057628;0;445;615;623;548;528;9;9;9;9;9
1716468348.0675955;0;445;615;623;548;528;9;9;9;9;9
1716468348.087564;0;445;615;623;548;528;9;9;9;9;9
1716468348.1286826;0;443;612;619;544;523;9;9;9;9;9
1716468348.1326857;0;443;612;619;544;523;9;9;9;9;9
1716468348.146888;0;443;612;619;544;523;9;9;9;9;9
1716468348.16688;0;441;610;616;542;520;9;9;9;9;9
1716468348.187225;0;441;610;616;542;520;9;9;9;9;9
1716468348.207193;0;441;610;616;542;520;9;9;9;9;9
1716468348.2371852;0;441;609;616;540;519;9;9;9;9;9
1716468348.2581792;0;441;609;616;540;519;9;9;9;9;9
1716468348.2671826;0;441;609;616;540;519;9;9;9;9;9
1716468348.2879028;0;441;609;615;540;519;9;9;9;9;9
1716468348.3176856;0;441;609;615;540;519;9;9;9;9;9
1716468348.3286822;0;441;609;615;540;519;9;9;9;9;9
1716468348.3476725;0;441;610;616;541;520;9;9;9;9;9
1716468348.3666604;0;441;610;616;541;520;9;9;9;9;9
1716468348.4092941;0;441;610;616;541;520;9;9;9;9;9
1716468348.4126086;0;444;611;618;544;523;9;9;9;9;9
1716468348.4286027;0;444;611;618;544;523;9;9;9;9;9
1716468348.4693587;0;444;611;618;544;523;9;9;9;9;9
1716468348.472544;0;444;611;618;544;523;9;9;9;9;9
1716468348.4875646;0;449;614;621;547;526;9;9;9;9;9
1716468348.5172324;0;449;614;621;547;526;9;9;9;9;9
1716468348.5282292;0;449;614;621;547;526;9;9;9;9;9
1716468348.5472195;0;453;616;624;551;531;9;9;9;9;9
1716468348.5672083;0;453;616;624;551;531;9;9;9;9;9
1716468348.5976448;0;453;616;624;551;531;9;9;9;9;9
1716468348.607163;0;455;620;627;554;535;9;9;9;9;9
1716468348.6351497;0;455;620;627;554;535;9;9;9;9;9
1716468348.658144;0;455;620;627;554;535;9;9;9;9;9
1716468348.6672122;0;456;621;630;558;539;9;9;9;9;9
1716468348.6876462;0;456;621;630;558;539;9;9;9;9;9
1716468348.7176316;0;456;621;630;558;539;9;9;9;9;9
1716468348.737623;0;457;623;632;560;541;9;9;9;9;9
1716468348.7466195;0;457;623;632;560;541;9;9;9;9;9
1716468348.7676063;0;457;623;632;560;541;9;9;9;9;9
1716468348.7977712;0;457;623;633;560;542;9;9;9;9;9
1716468348.807533;0;457;623;633;560;542;9;9;9;9;9
1716468348.8335888;0;457;623;633;560;542;9;9;9;9;9
1716468348.8605156;0;459;623;634;561;544;9;9;9;9;9
1716468348.8677728;0;459;623;634;561;544;9;9;9;9;9
1716468348.8871884;0;459;623;634;561;544;9;9;9;9;9
1716468348.9176471;0;460;623;634;562;544;9;9;9;9;9
1716468348.9496462;0;460;623;634;562;544;9;9;9;9;9
1716468348.9526448;0;460;623;634;562;544;9;9;9;9;9
1716468348.967635;0;458;622;634;561;543;9;9;9;9;9
1716468348.9972353;0;458;622;634;561;543;9;9;9;9;9
1716468349.0075376;0;458;622;634;561;543;9;9;9;9;9
1716468349.0345247;0;453;621;631;558;540;9;9;9;9;9
1716468349.053517;0;453;621;631;558;540;9;9;9;9;9
1716468349.0679715;0;453;621;631;558;540;9;9;9;9;9
1716468349.0871634;0;450;619;627;553;534;9;9;9;9;9
1716468349.1071236;0;450;619;627;553;534;9;9;9;9;9
1716468349.1502104;0;450;619;627;553;534;9;9;9;9;9
1716468349.1522117;0;448;615;622;547;527;9;9;9;9;9
1716468349.167237;0;448;615;622;547;527;9;9;9;9;9
1716468349.197646;0;448;615;622;547;527;9;9;9;9;9
1716468349.2072437;0;446;613;619;543;523;9;9;9;9;9
1716468349.2282488;0;446;613;619;543;523;9;9;9;9;9
1716468349.25723;0;446;613;619;543;523;9;9;9;9;9
1716468349.2673078;0;445;610;617;541;521;9;9;9;9;9
1716468349.287224;0;445;610;617;541;521;9;9;9;9;9
1716468349.3175817;0;445;610;617;541;521;9;9;9;9;9
1716468349.355186;0;444;610;616;540;519;9;9;9;9;9
1716468349.3582056;0;444;610;616;540;519;9;9;9;9;9
1716468349.3671994;0;444;610;616;540;519;9;9;9;9;9
1716468349.4186053;0;444;609;616;539;519;9;9;9;9;9
1716468349.466923;0;444;609;616;539;519;9;9;9;9;9
1716468349.4698677;0;444;609;616;539;519;9;9;9;9;9
1716468349.472865;0;445;610;616;540;520;9;9;9;9;9
1716468349.474865;0;445;610;616;540;520;9;9;9;9;9
1716468349.4878557;0;445;610;616;540;520;9;9;9;9;9
1716468349.5446281;0;448;612;619;542;523;9;9;9;9;9
1716468349.5476298;0;448;612;619;542;523;9;9;9;9;9
1716468349.5746348;0;448;612;619;542;523;9;9;9;9;9
1716468349.5766366;0;452;613;622;545;526;9;9;9;9;9
1716468349.597609;0;452;613;622;545;526;9;9;9;9;9
1716468349.6080606;0;452;613;622;545;526;9;9;9;9;9
1716468349.6282082;0;454;617;625;549;531;9;9;9;9;9
1716468349.65719;0;454;617;625;549;531;9;9;9;9;9
1716468349.6772137;0;454;617;625;549;531;9;9;9;9;9
1716468349.6876857;0;455;620;628;552;535;9;9;9;9;9
1716468349.7078695;0;455;620;628;552;535;9;9;9;9;9
1716468349.727886;0;455;620;628;552;535;9;9;9;9;9
1716468349.7468767;0;455;620;628;552;535;9;9;9;9;9
1716468349.767866;0;456;622;631;555;538;9;9;9;9;9
1716468349.7975924;0;456;622;631;555;538;9;9;9;9;9
1716468349.834504;0;456;622;631;555;538;9;9;9;9;9
1716468349.836527;0;457;622;632;557;540;9;9;9;9;9
1716468349.859512;0;457;622;632;557;540;9;9;9;9;9
1716468349.8894918;0;457;622;632;557;540;9;9;9;9;9
1716468349.8924894;0;458;623;633;558;541;9;9;9;9;9
1716468349.9078057;0;458;623;633;558;541;9;9;9;9;9
1716468349.9383607;0;458;623;633;558;541;9;9;9;9;9
1716468349.9473546;0;458;622;633;558;542;9;9;9;9;9
1716468349.9736648;0;458;622;633;558;542;9;9;9;9;9
1716468350.0359254;0;458;622;633;558;542;9;9;9;9;9
1716468350.0379672;0;455;622;632;557;541;9;9;9;9;9
1716468350.045966;0;455;622;632;557;541;9;9;9;9;9
1716468350.0539613;0;455;622;632;557;541;9;9;9;9;9
1716468350.0944986;0;451;619;628;554;537;9;9;9;9;9
1716468350.0963104;0;451;619;628;554;537;9;9;9;9;9
1716468350.1080022;0;451;619;628;554;537;9;9;9;9;9
1716468350.1290028;0;447;617;625;550;532;9;9;9;9;9
1716468350.1469722;0;447;617;625;550;532;9;9;9;9;9
1716468350.1775513;0;447;617;625;550;532;9;9;9;9;9
1716468350.186963;0;446;613;621;545;526;9;9;9;9;9
1716468350.2070155;0;446;613;621;545;526;9;9;9;9;9
1716468350.260965;0;446;613;621;545;526;9;9;9;9;9
1716468350.2619414;0;444;611;618;542;521;9;9;9;9;9
1716468350.2772224;0;444;611;618;542;521;9;9;9;9;9
1716468350.2872224;0;444;611;618;542;521;9;9;9;9;9
1716468350.307053;0;444;609;616;540;520;9;9;9;9;9
1716468350.3282392;0;444;609;616;540;520;9;9;9;9;9
1716468350.347227;0;444;609;616;540;520;9;9;9;9;9
1716468350.3672242;0;444;609;617;540;520;9;9;9;9;9
1716468350.387312;0;444;609;617;540;520;9;9;9;9;9
1716468350.407003;0;444;609;617;540;520;9;9;9;9;9
1716468350.427994;0;445;610;617;542;521;9;9;9;9;9
1716468350.4479854;0;445;610;617;542;521;9;9;9;9;9
1716468350.4775991;0;445;610;617;542;521;9;9;9;9;9
1716468350.4969983;0;449;611;620;544;523;9;9;9;9;9
1716468350.5076985;0;449;611;620;544;523;9;9;9;9;9
1716468350.527692;0;449;611;620;544;523;9;9;9;9;9
1716468350.5466988;0;452;613;620;546;526;9;9;9;9;9
1716468350.5736923;0;452;613;620;546;526;9;9;9;9;9
1716468350.597222;0;452;613;620;546;526;9;9;9;9;9
1716468350.660224;0;454;614;623;550;530;9;9;9;9;9
1716468350.6642246;0;454;614;623;550;530;9;9;9;9;9
1716468350.665224;0;454;614;623;550;530;9;9;9;9;9
1716468350.677219;0;455;616;626;554;534;9;9;9;9;9
1716468350.6872122;0;455;616;626;554;534;9;9;9;9;9
1716468350.7072022;0;455;616;626;554;534;9;9;9;9;9
1716468350.738186;0;456;617;629;556;537;9;9;9;9;9
1716468350.7471993;0;456;617;629;556;537;9;9;9;9;9
1716468350.7675476;0;456;617;629;556;537;9;9;9;9;9
1716468350.7976534;0;457;618;631;558;539;9;9;9;9;9
1716468350.8176253;0;457;618;631;558;539;9;9;9;9;9
1716468350.8286226;0;457;618;631;558;539;9;9;9;9;9
1716468350.847611;0;458;618;632;560;540;9;9;9;9;9
1716468350.8675997;0;458;618;632;560;540;9;9;9;9;9
1716468350.8876474;0;458;618;632;560;540;9;9;9;9;9
1716468350.9069638;0;458;619;633;561;541;9;9;9;9;9
1716468350.9379513;0;458;619;633;561;541;9;9;9;9;9
1716468350.9746487;0;458;619;633;561;541;9;9;9;9;9
1716468350.976665;0;458;619;633;560;541;9;9;9;9;9
1716468350.9873738;0;458;619;633;560;541;9;9;9;9;9
1716468351.017242;0;458;619;633;560;541;9;9;9;9;9
1716468351.0273798;0;458;619;633;560;541;9;9;9;9;9
1716468351.0533738;0;455;618;631;559;539;9;9;9;9;9
1716468351.0777254;0;455;618;631;559;539;9;9;9;9;9
1716468351.0872223;0;455;618;631;559;539;9;9;9;9;9
1716468351.107917;0;448;615;626;554;534;9;9;9;9;9
1716468351.1379209;0;448;615;626;554;534;9;9;9;9;9
1716468351.1469162;0;448;615;626;554;534;9;9;9;9;9
1716468351.167231;0;444;613;621;547;527;9;9;9;9;9
1716468351.1972091;0;444;613;621;547;527;9;9;9;9;9
1716468351.2294154;0;444;613;621;547;527;9;9;9;9;9
1716468351.2324238;0;443;611;617;542;521;9;9;9;9;9
1716468351.247413;0;443;611;617;542;521;9;9;9;9;9
1716468351.2674015;0;443;611;617;542;521;9;9;9;9;9
1716468351.2872899;0;442;609;616;540;520;9;9;9;9;9
1716468351.3075852;0;442;609;616;540;520;9;9;9;9;9
1716468351.3385415;0;442;609;616;540;520;9;9;9;9;9
1716468351.3756344;0;442;608;615;540;519;9;9;9;9;9
1716468351.376607;0;442;608;615;540;519;9;9;9;9;9
1716468351.3876047;0;442;608;615;540;519;9;9;9;9;9
1716468351.4326785;0;442;608;615;539;518;9;9;9;9;9
1716468351.4496722;0;442;608;615;539;518;9;9;9;9;9
1716468351.4526725;0;442;608;615;539;518;9;9;9;9;9
1716468351.4766793;0;445;609;616;539;519;9;9;9;9;9
1716468351.4872015;0;445;609;616;539;519;9;9;9;9;9
1716468351.50758;0;445;609;616;539;519;9;9;9;9;9
1716468351.5385652;0;451;610;618;541;520;9;9;9;9;9
1716468351.5565736;0;451;610;618;541;520;9;9;9;9;9
1716468351.567352;0;451;610;618;541;520;9;9;9;9;9
1716468351.5876427;0;455;611;620;543;523;9;9;9;9;9
1716468351.6566267;0;455;611;620;543;523;9;9;9;9;9
1716468351.6586313;0;455;611;620;543;523;9;9;9;9;9
1716468351.6616466;0;456;613;623;547;527;9;9;9;9;9
1716468351.6766343;0;456;613;623;547;527;9;9;9;9;9
1716468351.711532;0;456;613;623;547;527;9;9;9;9;9
1716468351.7135131;0;457;615;627;550;530;9;9;9;9;9
1716468351.729381;0;457;615;627;550;530;9;9;9;9;9
1716468351.7573647;0;457;615;627;550;530;9;9;9;9;9
1716468351.7673597;0;457;617;630;553;533;9;9;9;9;9
1716468351.7878833;0;457;617;630;553;533;9;9;9;9;9
1716468351.8177102;0;457;617;630;553;533;9;9;9;9;9
1716468351.8526947;0;459;618;632;556;535;9;9;9;9;9
1716468351.853693;0;459;618;632;556;535;9;9;9;9;9
1716468351.8736892;0;459;618;632;556;535;9;9;9;9;9
1716468351.9116778;0;464;619;634;557;537;9;9;9;9;9
1716468351.9136686;0;464;619;634;557;537;9;9;9;9;9
1716468351.9276316;0;464;619;634;557;537;9;9;9;9;9
1716468351.9576359;0;467;619;635;558;538;9;9;9;9;9
1716468351.9676235;0;467;619;635;558;538;9;9;9;9;9
1716468351.9876826;0;467;619;635;558;538;9;9;9;9;9
1716468352.0176606;0;468;619;635;558;538;9;9;9;9;9
1716468352.0506458;0;468;619;635;558;538;9;9;9;9;9
1716468352.0526435;0;468;619;635;558;538;9;9;9;9;9
1716468352.067638;0;465;619;635;557;536;9;9;9;9;9
1716468352.0979216;0;465;619;635;557;536;9;9;9;9;9
1716468352.106876;0;465;619;635;557;536;9;9;9;9;9
1716468352.1288657;0;455;618;631;554;533;9;9;9;9;9
1716468352.1584527;0;455;618;631;554;533;9;9;9;9;9
1716468352.1902528;0;455;618;631;554;533;9;9;9;9;9
1716468352.193209;0;449;616;625;549;528;9;9;9;9;9
1716468352.217243;0;449;616;625;549;528;9;9;9;9;9
1716468352.2273085;0;449;616;625;549;528;9;9;9;9;9
1716468352.2571852;0;447;613;619;544;522;9;9;9;9;9
1716468352.2773347;0;447;613;619;544;522;9;9;9;9;9
1716468352.3123305;0;447;613;619;544;522;9;9;9;9;9
1716468352.3314579;0;445;610;615;540;519;9;9;9;9;9
1716468352.3334627;0;445;610;615;540;519;9;9;9;9;9
1716468352.360445;0;445;610;615;540;519;9;9;9;9;9
1716468352.3674417;0;445;610;615;540;519;9;9;9;9;9
1716468352.414606;0;444;609;614;539;517;9;9;9;9;9
1716468352.4165602;0;444;609;614;539;517;9;9;9;9;9
1716468352.4275775;0;444;609;614;539;517;9;9;9;9;9
1716468352.4465458;0;444;609;614;539;517;9;9;9;9;9
1716468352.478189;0;444;609;614;539;517;9;9;9;9;9
1716468352.5145996;0;444;609;614;539;517;9;9;9;9;9
1716468352.5166488;0;444;610;615;540;517;9;9;9;9;9
1716468352.527695;0;444;610;615;540;517;9;9;9;9;9
1716468352.5467038;0;444;610;615;540;517;9;9;9;9;9
1716468352.5666914;0;444;611;616;542;521;9;9;9;9;9
1716468352.5870597;0;444;611;616;542;521;9;9;9;9;9
1716468352.617325;0;444;611;616;542;521;9;9;9;9;9
1716468352.628322;0;445;613;618;544;525;9;9;9;9;9
1716468352.6473124;0;445;613;618;544;525;9;9;9;9;9
1716468352.6776257;0;445;613;618;544;525;9;9;9;9;9
1716468352.697721;0;447;616;621;547;530;9;9;9;9;9
1716468352.70682;0;447;616;621;547;530;9;9;9;9;9
1716468352.737806;0;447;616;621;547;530;9;9;9;9;9
1716468352.756811;0;449;620;625;550;535;9;9;9;9;9
1716468352.767582;0;449;620;625;550;535;9;9;9;9;9
1716468352.787288;0;449;620;625;550;535;9;9;9;9;9
1716468352.8177216;0;451;623;629;555;542;9;9;9;9;9
1716468352.8387418;0;451;623;629;555;542;9;9;9;9;9
1716468352.8467574;0;451;623;629;555;542;9;9;9;9;9
1716468352.8737257;0;452;625;632;557;545;9;9;9;9;9
1716468352.8877292;0;452;625;632;557;545;9;9;9;9;9
1716468352.9082263;0;452;625;632;557;545;9;9;9;9;9
1716468352.9382122;0;453;625;632;558;547;9;9;9;9;9
1716468352.9745317;0;453;625;632;558;547;9;9;9;9;9
1716468352.976537;0;453;625;632;558;547;9;9;9;9;9
1716468352.9877224;0;454;625;631;558;547;9;9;9;9;9
1716468353.051765;0;454;625;631;558;547;9;9;9;9;9
1716468353.0537696;0;454;625;631;558;547;9;9;9;9;9
1716468353.055768;0;454;624;631;558;548;9;9;9;9;9
1716468353.073755;0;454;624;631;558;548;9;9;9;9;9
1716468353.0877476;0;454;624;631;558;548;9;9;9;9;9
1716468353.1067622;0;455;624;631;559;548;9;9;9;9;9
1716468353.138255;0;455;624;631;559;548;9;9;9;9;9
1716468353.1575396;0;455;624;631;559;548;9;9;9;9;9
1716468353.1773477;0;456;624;631;559;549;9;9;9;9;9
1716468353.1876822;0;456;624;631;559;549;9;9;9;9;9
1716468353.2169747;0;456;624;631;559;549;9;9;9;9;9
1716468353.2279718;0;457;624;631;559;549;9;9;9;9;9
1716468353.2469802;0;457;624;631;559;549;9;9;9;9;9
1716468353.2679503;0;457;624;631;559;549;9;9;9;9;9
1716468353.2976773;0;453;622;630;558;548;9;9;9;9;9
1716468353.3072402;0;453;622;630;558;548;9;9;9;9;9
1716468353.328231;0;453;622;630;558;548;9;9;9;9;9
1716468353.381037;0;448;619;627;555;544;9;9;9;9;9
1716468353.388055;0;448;619;627;555;544;9;9;9;9;9
1716468353.3916898;0;448;619;627;555;544;9;9;9;9;9
1716468353.4081795;0;447;616;623;550;537;9;9;9;9;9
1716468353.438165;0;447;616;623;550;537;9;9;9;9;9
1716468353.4471624;0;447;616;623;550;537;9;9;9;9;9
1716468353.4680448;0;445;613;620;546;530;9;9;9;9;9
1716468353.4872499;0;445;613;620;546;530;9;9;9;9;9
1716468353.5079114;0;445;613;620;546;530;9;9;9;9;9
1716468353.5291505;0;445;611;619;543;525;9;9;9;9;9
1716468353.547161;0;445;611;619;543;525;9;9;9;9;9
1716468353.6280875;0;445;611;619;543;525;9;9;9;9;9
1716468353.64014;0;443;609;617;541;522;9;9;9;9;9
1716468353.6477754;0;443;609;617;541;522;9;9;9;9;9
1716468353.65173;0;443;609;617;541;522;9;9;9;9;9
1716468353.6537275;0;443;609;617;541;522;9;9;9;9;9
1716468353.6667202;0;443;609;617;540;521;9;9;9;9;9
1716468353.696704;0;443;609;617;540;521;9;9;9;9;9
1716468353.7077396;0;443;609;617;540;521;9;9;9;9;9
1716468353.728037;0;443;609;617;540;520;9;9;9;9;9
1716468353.7570198;0;443;609;617;540;520;9;9;9;9;9
1716468353.8159118;0;443;609;617;540;520;9;9;9;9;9
1716468353.8180373;0;443;610;618;541;521;9;9;9;9;9
1716468353.8264556;0;443;610;618;541;521;9;9;9;9;9
1716468353.8284578;0;443;610;618;541;521;9;9;9;9;9
1716468353.8474472;0;447;611;620;544;524;9;9;9;9;9
1716468353.8674378;0;447;611;620;544;524;9;9;9;9;9
1716468353.8972664;0;447;611;620;544;524;9;9;9;9;9
1716468353.9067335;0;448;612;622;547;528;9;9;9;9;9
1716468353.9277253;0;448;612;622;547;528;9;9;9;9;9
1716468353.9577105;0;448;612;622;547;528;9;9;9;9;9
1716468353.9772406;0;451;613;625;551;533;9;9;9;9;9
1716468353.9873524;0;451;613;625;551;533;9;9;9;9;9
1716468354.0079563;0;451;613;625;551;533;9;9;9;9;9
1716468354.0279474;0;452;615;629;555;539;9;9;9;9;9
1716468354.0469594;0;452;615;629;555;539;9;9;9;9;9
1716468354.0849793;0;452;615;629;555;539;9;9;9;9;9
1716468354.1317642;0;453;617;633;559;542;9;9;9;9;9
1716468354.1338248;0;453;617;633;559;542;9;9;9;9;9
1716468354.1367307;0;453;617;633;559;542;9;9;9;9;9
1716468354.1477227;0;454;619;635;561;545;9;9;9;9;9
1716468354.166735;0;454;619;635;561;545;9;9;9;9;9
1716468354.1876872;0;454;619;635;561;545;9;9;9;9;9
1716468354.2076824;0;456;620;637;562;546;9;9;9;9;9
1716468354.228676;0;456;620;637;562;546;9;9;9;9;9
1716468354.2476654;0;456;620;637;562;546;9;9;9;9;9
1716468354.289711;0;456;620;638;563;547;9;9;9;9;9
1716468354.2928662;0;456;620;638;563;547;9;9;9;9;9
1716468354.3177257;0;456;620;638;563;547;9;9;9;9;9
1716468354.3287535;0;456;620;637;562;546;9;9;9;9;9
1716468354.3477604;0;456;620;637;562;546;9;9;9;9;9
1716468354.3667529;0;456;620;637;562;546;9;9;9;9;9
1716468354.3874555;0;453;619;635;561;544;9;9;9;9;9
1716468354.4094932;0;453;619;635;561;544;9;9;9;9;9
1716468354.439481;0;453;619;635;561;544;9;9;9;9;9
1716468354.4474747;0;449;616;631;556;539;9;9;9;9;9
1716468354.468258;0;449;616;631;556;539;9;9;9;9;9
1716468354.4879482;0;449;616;631;556;539;9;9;9;9;9
1716468354.5177233;0;446;615;624;549;531;9;9;9;9;9
1716468354.5278587;0;446;615;624;549;531;9;9;9;9;9
1716468354.5468466;0;446;615;624;549;531;9;9;9;9;9
1716468354.5738516;0;444;613;620;545;525;9;9;9;9;9
1716468354.5874133;0;444;613;620;545;525;9;9;9;9;9
1716468354.6071923;0;444;613;620;545;525;9;9;9;9;9
1716468354.6281059;0;444;612;618;542;523;9;9;9;9;9
1716468354.647094;0;444;612;618;542;523;9;9;9;9;9
1716468354.6672478;0;444;612;618;542;523;9;9;9;9;9
1716468354.6973813;0;443;611;618;541;521;9;9;9;9;9
1716468354.7176805;0;443;611;618;541;521;9;9;9;9;9
1716468354.7995713;0;443;611;618;541;521;9;9;9;9;9
1716468354.7995713;0;443;612;618;541;521;9;9;9;9;9
1716468354.803203;0;443;612;618;541;521;9;9;9;9;9
1716468354.805079;0;443;612;618;541;521;9;9;9;9;9
1716468354.8175347;0;444;612;619;542;521;9;9;9;9;9
1716468354.8455243;0;444;612;619;542;521;9;9;9;9;9
1716468354.9288223;0;444;612;619;542;521;9;9;9;9;9
1716468354.9325953;0;445;614;620;544;523;9;9;9;9;9
1716468354.934638;0;445;614;620;544;523;9;9;9;9;9
1716468354.936662;0;445;614;620;544;523;9;9;9;9;9
1716468354.9396386;0;446;616;622;546;525;9;9;9;9;9
1716468354.9476361;0;446;616;622;546;525;9;9;9;9;9
1716468354.97362;0;446;616;622;546;525;9;9;9;9;9
1716468354.9876127;0;446;616;622;546;525;9;9;9;9;9
1716468355.0135417;0;448;616;623;548;528;9;9;9;9;9
1716468355.028537;0;448;616;623;548;528;9;9;9;9;9
1716468355.075051;0;448;616;623;548;528;9;9;9;9;9
1716468355.0770164;0;450;618;625;551;531;9;9;9;9;9
1716468355.0880115;0;450;618;625;551;531;9;9;9;9;9
1716468355.1076486;0;450;618;625;551;531;9;9;9;9;9
1716468355.127638;0;452;619;627;553;534;9;9;9;9;9
1716468355.1466506;0;452;619;627;553;534;9;9;9;9;9
1716468355.177801;0;452;619;627;553;534;9;9;9;9;9
1716468355.1973443;0;453;620;629;556;538;9;9;9;9;9
1716468355.2073221;0;453;620;629;556;538;9;9;9;9;9
1716468355.2283137;0;453;620;629;556;538;9;9;9;9;9
1716468355.2572963;0;454;621;631;558;540;9;9;9;9;9
1716468355.267237;0;454;621;631;558;540;9;9;9;9;9
1716468355.2935796;0;454;621;631;558;540;9;9;9;9;9
1716468355.3180435;0;457;622;632;560;543;9;9;9;9;9
1716468355.3280423;0;457;622;632;560;543;9;9;9;9;9
1716468355.3480313;0;457;622;632;560;543;9;9;9;9;9
1716468355.3777502;0;459;622;634;561;544;9;9;9;9;9
1716468355.4097056;0;459;622;634;561;544;9;9;9;9;9
1716468355.4128506;0;459;622;634;561;544;9;9;9;9;9
1716468355.4378927;0;458;621;634;561;544;9;9;9;9;9
1716468355.4478881;0;458;621;634;561;544;9;9;9;9;9
1716468355.4678986;0;458;621;634;561;544;9;9;9;9;9
1716468355.4872859;0;457;620;634;561;544;9;9;9;9;9
1716468355.5177698;0;457;620;634;561;544;9;9;9;9;9
1716468355.5277689;0;457;620;634;561;544;9;9;9;9;9
1716468355.5477574;0;455;620;633;560;543;9;9;9;9;9
1716468355.5747905;0;455;620;633;560;543;9;9;9;9;9
1716468355.633848;0;455;620;633;560;543;9;9;9;9;9
1716468355.6359;0;449;617;630;557;539;9;9;9;9;9
1716468355.6548922;0;449;617;630;557;539;9;9;9;9;9
1716468355.7162848;0;449;617;630;557;539;9;9;9;9;9
1716468355.7182696;0;448;614;624;551;532;9;9;9;9;9
1716468355.7268505;0;448;614;624;551;532;9;9;9;9;9
1716468355.7294922;0;448;614;624;551;532;9;9;9;9;9
1716468355.7324955;0;444;612;620;546;526;9;9;9;9;9
1716468355.747487;0;444;612;620;546;526;9;9;9;9;9
1716468355.7774856;0;444;612;620;546;526;9;9;9;9;9
1716468355.8449502;0;443;610;618;543;523;9;9;9;9;9
1716468355.846997;0;443;610;618;543;523;9;9;9;9;9
1716468355.8870482;0;443;610;618;543;523;9;9;9;9;9
1716468355.8890474;0;443;610;616;542;522;9;9;9;9;9
1716468355.8920453;0;443;610;616;542;522;9;9;9;9;9
1716468355.8940437;0;443;610;616;542;522;9;9;9;9;9
1716468355.908636;0;442;609;616;541;521;9;9;9;9;9
1716468355.947892;0;442;609;616;541;521;9;9;9;9;9
1716468355.957909;0;442;609;616;541;521;9;9;9;9;9
1716468355.9774897;0;442;610;617;542;521;9;9;9;9;9
1716468356.0380504;0;442;610;617;542;521;9;9;9;9;9
1716468356.0768228;0;442;610;617;542;521;9;9;9;9;9
1716468356.0788279;0;442;611;619;543;522;9;9;9;9;9
1716468356.0818448;0;442;611;619;543;522;9;9;9;9;9
1716468356.0838442;0;442;611;619;543;522;9;9;9;9;9
1716468356.1301773;0;444;613;620;544;524;9;9;9;9;9
1716468356.133123;0;444;613;620;544;524;9;9;9;9;9
1716468356.1361263;0;444;613;620;544;524;9;9;9;9;9
1716468356.1481168;0;446;615;623;548;528;9;9;9;9;9
1716468356.1671066;0;446;615;623;548;528;9;9;9;9;9
1716468356.1971743;0;446;615;623;548;528;9;9;9;9;9
1716468356.2071388;0;449;617;627;554;535;9;9;9;9;9
1716468356.2289886;0;449;617;627;554;535;9;9;9;9;9
1716468356.2579873;0;449;617;627;554;535;9;9;9;9;9
1716468356.2838504;0;452;620;631;558;540;9;9;9;9;9
1716468356.3148224;0;452;620;631;558;540;9;9;9;9;9
1716468356.3168645;0;452;620;631;558;540;9;9;9;9;9
1716468356.3378434;0;452;620;631;558;540;9;9;9;9;9
1716468356.3468552;0;454;621;634;560;544;9;9;9;9;9
1716468356.3678446;0;454;621;634;560;544;9;9;9;9;9
1716468356.3977678;0;454;621;634;560;544;9;9;9;9;9
1716468356.4073198;0;456;622;636;562;546;9;9;9;9;9
1716468356.4721823;0;456;622;636;562;546;9;9;9;9;9
1716468356.4731846;0;456;622;636;562;546;9;9;9;9;9
1716468356.4751837;0;458;623;638;564;547;9;9;9;9;9
1716468356.4872653;0;458;623;638;564;547;9;9;9;9;9
1716468356.507335;0;458;623;638;564;547;9;9;9;9;9
1716468356.5383472;0;459;623;638;564;548;9;9;9;9;9
1716468356.575267;0;459;623;638;564;548;9;9;9;9;9
1716468356.576263;0;459;623;638;564;548;9;9;9;9;9
1716468356.597718;0;457;623;636;563;546;9;9;9;9;9
1716468356.629453;0;457;623;636;563;546;9;9;9;9;9
1716468356.632839;0;457;623;636;563;546;9;9;9;9;9
1716468356.6578233;0;450;619;631;558;541;9;9;9;9;9
1716468356.6678166;0;450;619;631;558;541;9;9;9;9;9
1716468356.6878316;0;450;619;631;558;541;9;9;9;9;9
1716468356.7177746;0;446;616;625;552;533;9;9;9;9;9
1716468356.7547696;0;446;616;625;552;533;9;9;9;9;9
1716468356.7557695;0;446;616;625;552;533;9;9;9;9;9
1716468356.767783;0;443;614;621;547;527;9;9;9;9;9
1716468356.7936888;0;443;614;621;547;527;9;9;9;9;9
1716468356.8071146;0;443;614;621;547;527;9;9;9;9;9
1716468356.8281074;0;441;612;618;544;523;9;9;9;9;9
1716468356.8471127;0;441;612;618;544;523;9;9;9;9;9
1716468356.867782;0;441;612;618;544;523;9;9;9;9;9
1716468356.8876877;0;439;611;617;542;521;9;9;9;9;9
1716468356.9171216;0;439;611;617;542;521;9;9;9;9;9
1716468356.9782224;0;439;611;617;542;521;9;9;9;9;9
1716468356.9782224;0;439;610;617;541;521;9;9;9;9;9
1716468356.9868655;0;439;610;617;541;521;9;9;9;9;9
1716468356.9894526;0;439;610;617;541;521;9;9;9;9;9
1716468357.0078046;0;438;610;616;541;520;9;9;9;9;9
1716468357.037856;0;438;610;616;541;520;9;9;9;9;9
1716468357.0478475;0;438;610;616;541;520;9;9;9;9;9
1716468357.0942817;0;438;610;616;541;520;9;9;9;9;9
1716468357.0961213;0;438;610;616;541;520;9;9;9;9;9
1716468357.1174467;0;438;610;616;541;520;9;9;9;9;9
1716468357.15543;0;438;611;616;541;520;9;9;9;9;9
1716468357.1564283;0;438;611;616;541;520;9;9;9;9;9
1716468357.1780765;0;438;611;616;541;520;9;9;9;9;9
1716468357.1976361;0;439;612;617;542;520;9;9;9;9;9
1716468357.235244;0;439;612;617;542;520;9;9;9;9;9
1716468357.2372494;0;439;612;617;542;520;9;9;9;9;9
1716468357.2572355;0;441;612;618;544;522;9;9;9;9;9
1716468357.2918816;0;441;612;618;544;522;9;9;9;9;9
1716468357.3204515;0;441;612;618;544;522;9;9;9;9;9
1716468357.3274465;0;443;613;620;544;524;9;9;9;9;9
1716468357.3304484;0;443;613;620;544;524;9;9;9;9;9
1716468357.3468218;0;443;613;620;544;524;9;9;9;9;9
1716468357.367812;0;447;614;621;547;529;9;9;9;9;9
1716468357.3935997;0;447;614;621;547;529;9;9;9;9;9
1716468357.4073946;0;447;614;621;547;529;9;9;9;9;9
1716468357.427506;0;450;615;623;550;533;9;9;9;9;9
1716468357.4574904;0;450;615;623;550;533;9;9;9;9;9
1716468357.4879954;0;450;615;623;550;533;9;9;9;9;9
1716468357.4978418;0;452;616;626;554;538;9;9;9;9;9
1716468357.5074537;0;452;616;626;554;538;9;9;9;9;9
1716468357.5395062;0;452;616;626;554;538;9;9;9;9;9
1716468357.5474992;0;454;617;628;557;542;9;9;9;9;9
1716468357.5678859;0;454;617;628;557;542;9;9;9;9;9
1716468357.5974445;0;454;617;628;557;542;9;9;9;9;9
1716468357.6342826;0;454;617;628;557;542;9;9;9;9;9
1716468357.6382825;0;454;618;631;560;545;9;9;9;9;9
1716468357.7070625;0;454;618;631;560;545;9;9;9;9;9
1716468357.7097373;0;454;618;631;560;545;9;9;9;9;9
1716468357.712826;0;456;620;633;562;548;9;9;9;9;9
1716468357.7146928;0;456;620;633;562;548;9;9;9;9;9
1716468357.7281344;0;456;620;633;562;548;9;9;9;9;9
1716468357.7481225;0;457;621;634;563;550;9;9;9;9;9
1716468357.7678277;0;457;621;634;563;550;9;9;9;9;9
1716468357.7974436;0;457;621;634;563;550;9;9;9;9;9
1716468357.8348236;0;457;621;634;563;550;9;9;9;9;9
1716468357.8388252;0;457;621;634;563;550;9;9;9;9;9
1716468357.8598118;0;457;621;634;563;550;9;9;9;9;9
1716468357.8678212;0;456;620;633;562;549;9;9;9;9;9
1716468357.8877962;0;456;620;633;562;549;9;9;9;9;9
1716468357.9075112;0;456;620;633;562;549;9;9;9;9;9
1716468357.934496;0;452;618;631;559;545;9;9;9;9;9
1716468357.9474883;0;452;618;631;559;545;9;9;9;9;9
1716468357.977452;0;452;618;631;559;545;9;9;9;9;9
1716468357.997787;0;446;615;625;553;537;9;9;9;9;9
1716468358.0739295;0;446;615;625;553;537;9;9;9;9;9
1716468358.0769517;0;446;615;625;553;537;9;9;9;9;9
1716468358.0779324;0;444;614;621;548;530;9;9;9;9;9
1716468358.0859454;0;444;614;621;548;530;9;9;9;9;9
1716468358.087947;0;444;614;621;548;530;9;9;9;9;9
1716468358.107916;0;443;612;619;544;526;9;9;9;9;9
1716468358.138897;0;443;612;619;544;526;9;9;9;9;9
1716468358.1468918;0;443;612;619;544;526;9;9;9;9;9
1716468358.1678987;0;442;612;618;543;524;9;9;9;9;9
1716468358.1973436;0;442;612;618;543;524;9;9;9;9;9
1716468358.2746782;0;442;612;618;543;524;9;9;9;9;9
1716468358.2776773;0;442;612;618;542;523;9;9;9;9;9
1716468358.280675;0;442;612;618;542;523;9;9;9;9;9
1716468358.2916687;0;442;612;618;542;523;9;9;9;9;9
1716468358.2936683;0;442;612;618;542;523;9;9;9;9;9
1716468358.3076603;0;442;612;618;542;523;9;9;9;9;9
1716468358.334645;0;442;612;618;542;523;9;9;9;9;9
1716468358.3696244;0;442;613;619;543;523;9;9;9;9;9
1716468358.3726432;0;442;613;619;543;523;9;9;9;9;9
1716468358.4359732;0;442;613;619;543;523;9;9;9;9;9
1716468358.4380941;0;442;614;620;544;524;9;9;9;9;9
1716468358.4421084;0;442;614;620;544;524;9;9;9;9;9
1716468358.4580996;0;442;614;620;544;524;9;9;9;9;9
1716468358.5106797;0;444;616;621;546;527;9;9;9;9;9
1716468358.5179565;0;444;616;621;546;527;9;9;9;9;9
1716468358.5217152;0;444;616;621;546;527;9;9;9;9;9
1716468358.53775;0;446;616;623;549;531;9;9;9;9;9
1716468358.5697308;0;446;616;623;549;531;9;9;9;9;9
1716468358.572727;0;446;616;623;549;531;9;9;9;9;9
1716468358.597393;0;449;618;626;552;535;9;9;9;9;9
1716468358.6075003;0;449;618;626;552;535;9;9;9;9;9
1716468358.6274304;0;449;618;626;552;535;9;9;9;9;9
1716468358.647439;0;451;620;628;556;539;9;9;9;9;9
1716468358.6678185;0;451;620;628;556;539;9;9;9;9;9
1716468358.6874435;0;451;620;628;556;539;9;9;9;9;9
1716468358.70785;0;453;621;630;558;542;9;9;9;9;9
1716468358.7388356;0;453;621;630;558;542;9;9;9;9;9
1716468358.7897592;0;453;621;630;558;542;9;9;9;9;9
1716468358.792956;0;457;623;632;560;545;9;9;9;9;9
1716468358.794963;0;457;623;632;560;545;9;9;9;9;9
1716468358.8298032;0;457;623;632;560;545;9;9;9;9;9
1716468358.8348053;0;459;623;633;562;547;9;9;9;9;9
1716468358.846817;0;459;623;633;562;547;9;9;9;9;9
1716468358.8777792;0;459;623;633;562;547;9;9;9;9;9
1716468358.9148188;0;459;623;633;562;547;9;9;9;9;9
1716468358.9168615;0;458;623;633;562;547;9;9;9;9;9
1716468358.93891;0;458;623;633;562;547;9;9;9;9;9
1716468358.9698906;0;458;623;633;562;547;9;9;9;9;9
1716468358.9728882;0;456;622;632;561;546;9;9;9;9;9
1716468358.9868803;0;456;622;632;561;546;9;9;9;9;9
1716468359.0078688;0;456;622;632;561;546;9;9;9;9;9
1716468359.0278592;0;451;619;630;559;543;9;9;9;9;9
1716468359.0468638;0;451;619;630;559;543;9;9;9;9;9
1716468359.0778651;0;451;619;630;559;543;9;9;9;9;9
1716468359.0877695;0;448;616;625;553;536;9;9;9;9;9
1716468359.107413;0;448;616;625;553;536;9;9;9;9;9
1716468359.1883242;0;448;616;625;553;536;9;9;9;9;9
1716468359.1893225;0;447;614;621;548;530;9;9;9;9;9
1716468359.1930234;0;447;614;621;548;530;9;9;9;9;9
1716468359.1950457;0;447;614;621;548;530;9;9;9;9;9
1716468359.217866;0;445;613;620;545;527;9;9;9;9;9
1716468359.2278602;0;445;613;620;545;527;9;9;9;9;9
1716468359.2478478;0;445;613;620;545;527;9;9;9;9;9
1716468359.2824156;0;444;612;618;544;525;9;9;9;9;9
1716468359.309868;0;444;612;618;544;525;9;9;9;9;9
1716468359.3129966;0;444;612;618;544;525;9;9;9;9;9
1716468359.3385835;0;443;612;618;543;523;9;9;9;9;9
1716468359.3920298;0;443;612;618;543;523;9;9;9;9;9
1716468359.3940308;0;443;612;618;543;523;9;9;9;9;9
1716468359.3960776;0;443;612;618;542;522;9;9;9;9;9
1716468359.4077575;0;443;612;618;542;522;9;9;9;9;9
1716468359.4277902;0;443;612;618;542;522;9;9;9;9;9
1716468359.4467788;0;444;612;618;543;522;9;9;9;9;9
1716468359.477848;0;444;612;618;543;522;9;9;9;9;9
1716468359.5548625;0;444;612;618;543;522;9;9;9;9;9
1716468359.556892;0;445;613;619;544;524;9;9;9;9;9
1716468359.5609024;0;445;613;619;544;524;9;9;9;9;9
1716468359.5718946;0;445;613;619;544;524;9;9;9;9;9
1716468359.5738962;0;446;613;621;545;526;9;9;9;9;9
1716468359.5968802;0;446;613;621;545;526;9;9;9;9;9
1716468359.617516;0;446;613;621;545;526;9;9;9;9;9
1716468359.628487;0;447;614;622;546;528;9;9;9;9;9
1716468359.6474779;0;447;614;622;546;528;9;9;9;9;9
1716468359.6777468;0;447;614;622;546;528;9;9;9;9;9
1716468359.714449;0;449;616;625;549;531;9;9;9;9;9
1716468359.716307;0;449;616;625;549;531;9;9;9;9;9
1716468359.7283049;0;449;616;625;549;531;9;9;9;9;9
1716468359.7472937;0;451;616;626;552;534;9;9;9;9;9
1716468359.7672832;0;451;616;626;552;534;9;9;9;9;9
1716468359.787442;0;451;616;626;552;534;9;9;9;9;9
1716468359.8181565;0;453;617;629;555;538;9;9;9;9;9
1716468359.8281565;0;453;617;629;555;538;9;9;9;9;9
1716468359.8471446;0;453;617;629;555;538;9;9;9;9;9
1716468359.874173;0;454;618;630;556;540;9;9;9;9;9
1716468359.8878171;0;454;618;630;556;540;9;9;9;9;9
1716468359.9076016;0;454;618;630;556;540;9;9;9;9;9
1716468359.9285676;0;455;619;632;558;542;9;9;9;9;9
1716468359.9535692;0;455;619;632;558;542;9;9;9;9;9
1716468359.967828;0;455;619;632;558;542;9;9;9;9;9
1716468359.9939327;0;456;619;633;559;544;9;9;9;9;9
1716468360.0169728;0;456;619;633;559;544;9;9;9;9;9
1716468360.0278916;0;456;619;633;559;544;9;9;9;9;9
1716468360.0468812;0;457;618;633;560;545;9;9;9;9;9
1716468360.06687;0;457;618;633;560;545;9;9;9;9;9
1716468360.0939116;0;457;618;633;560;545;9;9;9;9;9
1716468360.1078675;0;455;618;632;559;544;9;9;9;9;9
1716468360.1278608;0;455;618;632;559;544;9;9;9;9;9
1716468360.156842;0;455;618;632;559;544;9;9;9;9;9
1716468360.1674292;0;451;616;629;556;540;9;9;9;9;9
1716468360.187894;0;451;616;629;556;540;9;9;9;9;9
1716468360.2173822;0;451;616;629;556;540;9;9;9;9;9
1716468360.2769246;0;451;616;629;556;540;9;9;9;9;9
1716468360.2769246;0;448;614;626;553;536;9;9;9;9;9
1716468360.2898057;0;448;614;626;553;536;9;9;9;9;9
1716468360.2928755;0;448;614;626;553;536;9;9;9;9;9
1716468360.3078942;0;445;613;623;549;531;9;9;9;9;9
1716468360.3338845;0;445;613;623;549;531;9;9;9;9;9
1716468360.347876;0;445;613;623;549;531;9;9;9;9;9
1716468360.3678102;0;444;612;620;545;526;9;9;9;9;9
1716468360.3877668;0;444;612;620;545;526;9;9;9;9;9
1716468360.4171715;0;444;612;620;545;526;9;9;9;9;9
1716468360.4657695;0;443;611;619;543;524;9;9;9;9;9
1716468360.483669;0;443;611;619;543;524;9;9;9;9;9
1716468360.500331;0;443;611;619;543;524;9;9;9;9;9
1716468360.5074484;0;442;610;618;542;522;9;9;9;9;9
1716468360.509802;0;442;610;618;542;522;9;9;9;9;9
1716468360.528794;0;442;610;618;542;522;9;9;9;9;9
1716468360.5467865;0;442;610;618;541;521;9;9;9;9;9
1716468360.567777;0;442;610;618;541;521;9;9;9;9;9
1716468360.5874414;0;442;610;618;541;521;9;9;9;9;9
1716468360.656169;0;442;610;617;541;520;9;9;9;9;9
1716468360.6591704;0;442;610;617;541;520;9;9;9;9;9
1716468360.6681676;0;442;610;617;541;520;9;9;9;9;9
1716468360.6711648;0;442;610;617;541;520;9;9;9;9;9
1716468360.6871557;0;442;610;617;541;520;9;9;9;9;9
1716468360.707161;0;442;610;617;541;520;9;9;9;9;9
1716468360.72913;0;443;611;618;542;521;9;9;9;9;9
1716468360.7571146;0;443;611;618;542;521;9;9;9;9;9
1716468360.7673814;0;443;611;618;542;521;9;9;9;9;9
1716468360.8196318;0;445;612;621;545;524;9;9;9;9;9
1716468360.8227239;0;445;612;621;545;524;9;9;9;9;9
1716468360.837718;0;445;612;621;545;524;9;9;9;9;9
1716468360.8467135;0;447;614;623;549;529;9;9;9;9;9
1716468360.8677013;0;447;614;623;549;529;9;9;9;9;9
1716468360.8978167;0;447;614;623;549;529;9;9;9;9;9
1716468360.9066517;0;450;615;625;552;533;9;9;9;9;9
1716468360.9280925;0;450;615;625;552;533;9;9;9;9;9
1716468360.9580772;0;450;615;625;552;533;9;9;9;9;9
1716468360.9775286;0;452;615;627;555;537;9;9;9;9;9
1716468360.9874487;0;452;615;627;555;537;9;9;9;9;9
1716468361.0079575;0;452;615;627;555;537;9;9;9;9;9
1716468361.0279264;0;455;616;629;558;540;9;9;9;9;9
1716468361.0479162;0;455;616;629;558;540;9;9;9;9;9
1716468361.067471;0;455;616;629;558;540;9;9;9;9;9
1716468361.097515;0;459;617;631;560;543;9;9;9;9;9
1716468361.1075323;0;459;617;631;560;543;9;9;9;9;9
1716468361.1275246;0;459;617;631;560;543;9;9;9;9;9
1716468361.1475353;0;463;618;633;561;545;9;9;9;9;9
1716468361.1681683;0;463;618;633;561;545;9;9;9;9;9
1716468361.1878479;0;463;618;633;561;545;9;9;9;9;9
1716468361.2137558;0;465;618;633;561;545;9;9;9;9;9
1716468361.2377396;0;465;618;633;561;545;9;9;9;9;9
1716468361.2696326;0;465;618;633;561;545;9;9;9;9;9
1716468361.2727997;0;465;618;634;561;545;9;9;9;9;9
1716468361.2978897;0;465;618;634;561;545;9;9;9;9;9
1716468361.3074412;0;465;618;634;561;545;9;9;9;9;9
1716468361.328403;0;464;617;633;561;544;9;9;9;9;9
1716468361.3473938;0;464;617;633;561;544;9;9;9;9;9
1716468361.3775284;0;464;617;633;561;544;9;9;9;9;9
1716468361.3875897;0;456;616;631;559;541;9;9;9;9;9
1716468361.413815;0;456;616;631;559;541;9;9;9;9;9
1716468361.4388046;0;456;616;631;559;541;9;9;9;9;9
1716468361.4468005;0;448;613;625;552;534;9;9;9;9;9
1716468361.4678402;0;448;613;625;552;534;9;9;9;9;9
1716468361.4978118;0;448;613;625;552;534;9;9;9;9;9
1716468361.5078733;0;444;612;620;546;526;9;9;9;9;9
1716468361.5278652;0;444;612;620;546;526;9;9;9;9;9
1716468361.6012645;0;444;612;620;546;526;9;9;9;9;9
1716468361.6084716;0;444;612;620;546;526;9;9;9;9;9
1716468361.6119847;0;443;611;619;543;523;9;9;9;9;9
1716468361.6139903;0;443;611;619;543;523;9;9;9;9;9
1716468361.628654;0;443;611;619;543;523;9;9;9;9;9
1716468361.6466458;0;442;610;617;542;521;9;9;9;9;9
1716468361.668017;0;442;610;617;542;521;9;9;9;9;9
1716468361.6975124;0;442;610;617;542;521;9;9;9;9;9
1716468361.7240574;0;442;610;617;541;520;9;9;9;9;9
1716468361.7650487;0;442;610;617;541;520;9;9;9;9;9
1716468361.7670484;0;442;610;617;541;520;9;9;9;9;9
1716468361.7775002;0;442;610;616;540;520;9;9;9;9;9
1716468361.7878938;0;442;610;616;540;520;9;9;9;9;9
1716468361.8081148;0;442;610;616;540;520;9;9;9;9;9
1716468361.83012;0;443;611;617;540;520;9;9;9;9;9
1716468361.848112;0;443;611;617;540;520;9;9;9;9;9
1716468361.8680868;0;443;611;617;540;520;9;9;9;9;9
1716468361.9288893;0;444;612;618;541;520;9;9;9;9;9
1716468361.9781525;0;444;612;618;541;520;9;9;9;9;9
1716468361.9871497;0;444;612;618;541;520;9;9;9;9;9
1716468361.9881513;0;446;613;620;544;523;9;9;9;9;9
1716468361.9921494;0;446;613;620;544;523;9;9;9;9;9
1716468361.9941463;0;446;613;620;544;523;9;9;9;9;9
1716468362.0071423;0;449;614;621;546;526;9;9;9;9;9
1716468362.0381212;0;449;614;621;546;526;9;9;9;9;9
1716468362.047138;0;449;614;621;546;526;9;9;9;9;9
1716468362.0671062;0;452;614;624;550;531;9;9;9;9;9
1716468362.0937753;0;452;614;624;550;531;9;9;9;9;9
1716468362.107538;0;452;614;624;550;531;9;9;9;9;9
1716468362.1279392;0;456;615;628;556;538;9;9;9;9;9
1716468362.1579227;0;456;615;628;556;538;9;9;9;9;9
1716468362.1674933;0;456;615;628;556;538;9;9;9;9;9
1716468362.1883295;0;461;617;631;558;541;9;9;9;9;9
1716468362.2179265;0;461;617;631;558;541;9;9;9;9;9
1716468362.2279978;0;461;617;631;558;541;9;9;9;9;9
1716468362.2569797;0;467;617;633;560;543;9;9;9;9;9
1716468362.2669733;0;467;617;633;560;543;9;9;9;9;9
1716468362.2939873;0;467;617;633;560;543;9;9;9;9;9
1716468362.307572;0;469;617;634;561;544;9;9;9;9;9
1716468362.3295622;0;469;617;634;561;544;9;9;9;9;9
1716468362.347574;0;469;617;634;561;544;9;9;9;9;9
1716468362.3779209;0;469;617;634;561;545;9;9;9;9;9
1716468362.3874466;0;469;617;634;561;545;9;9;9;9;9
1716468362.4078922;0;469;617;634;561;545;9;9;9;9;9
1716468362.4278846;0;468;617;634;561;544;9;9;9;9;9
1716468362.4578671;0;468;617;634;561;544;9;9;9;9;9
1716468362.4673061;0;468;617;634;561;544;9;9;9;9;9
1716468362.4875426;0;462;616;633;560;542;9;9;9;9;9
1716468362.5179899;0;462;616;633;560;542;9;9;9;9;9
1716468362.527901;0;462;616;633;560;542;9;9;9;9;9
1716468362.5478904;0;452;614;629;556;537;9;9;9;9;9
1716468362.577958;0;452;614;629;556;537;9;9;9;9;9
1716468362.5874026;0;452;614;629;556;537;9;9;9;9;9
1716468362.6074898;0;447;613;624;549;530;9;9;9;9;9
1716468362.6384752;0;447;613;624;549;530;9;9;9;9;9
1716468362.6747742;0;447;613;624;549;530;9;9;9;9;9
1716468362.6769028;0;446;611;620;544;525;9;9;9;9;9
1716468362.6939955;0;446;611;620;544;525;9;9;9;9;9
1716468362.707571;0;446;611;620;544;525;9;9;9;9;9
1716468362.7295625;0;444;610;618;542;522;9;9;9;9;9
1716468362.747553;0;444;610;618;542;522;9;9;9;9;9
1716468362.7779117;0;444;610;618;542;522;9;9;9;9;9
1716468362.7874386;0;444;610;617;541;520;9;9;9;9;9
1716468362.8078866;0;444;610;617;541;520;9;9;9;9;9
1716468362.8378737;0;444;610;617;541;520;9;9;9;9;9
1716468362.86086;0;444;610;617;541;520;9;9;9;9;9
1716468362.8679464;0;443;610;616;540;519;9;9;9;9;9
1716468362.8872914;0;443;610;616;540;519;9;9;9;9;9
1716468362.9179828;0;443;610;616;540;519;9;9;9;9;9
1716468362.9279807;0;443;610;617;540;519;9;9;9;9;9
1716468362.957986;0;443;610;617;540;519;9;9;9;9;9
1716468362.9679577;0;443;610;617;540;519;9;9;9;9;9
1716468362.9874394;0;443;611;618;541;519;9;9;9;9;9
1716468363.0175273;0;443;611;618;541;519;9;9;9;9;9
1716468363.0700219;0;443;611;618;541;519;9;9;9;9;9
1716468363.0700219;0;444;612;619;543;521;9;9;9;9;9
1716468363.0900264;0;444;612;619;543;521;9;9;9;9;9
1716468363.0930212;0;444;612;619;543;521;9;9;9;9;9
1716468363.117585;0;447;613;621;545;524;9;9;9;9;9
1716468363.1305892;0;447;613;621;545;524;9;9;9;9;9
1716468363.147561;0;447;613;621;545;524;9;9;9;9;9
1716468363.178148;0;450;614;624;548;527;9;9;9;9;9
1716468363.1881952;0;450;614;624;548;527;9;9;9;9;9
1716468363.2348094;0;450;614;624;548;527;9;9;9;9;9
1716468363.2368119;0;452;614;625;552;531;9;9;9;9;9
1716468363.253801;0;452;614;625;552;531;9;9;9;9;9
1716468363.2677956;0;452;614;625;552;531;9;9;9;9;9
1716468363.2937026;0;454;616;628;556;537;9;9;9;9;9
1716468363.317636;0;454;616;628;556;537;9;9;9;9;9
1716468363.3286355;0;454;616;628;556;537;9;9;9;9;9
1716468363.3476427;0;456;617;631;559;540;9;9;9;9;9
1716468363.3676305;0;456;617;631;559;540;9;9;9;9;9
1716468363.3975472;0;456;617;631;559;540;9;9;9;9;9
1716468363.4349363;0;460;618;633;561;543;9;9;9;9;9
1716468363.4369388;0;460;618;633;561;543;9;9;9;9;9
1716468363.4479332;0;460;618;633;561;543;9;9;9;9;9
1716468363.4669209;0;463;618;633;562;544;9;9;9;9;9
1716468363.4879546;0;463;618;633;562;544;9;9;9;9;9
1716468363.5179455;0;463;618;633;562;544;9;9;9;9;9
1716468363.5279758;0;464;618;633;562;543;9;9;9;9;9
1716468363.5479617;0;464;618;633;562;543;9;9;9;9;9
1716468363.56795;0;464;618;633;562;543;9;9;9;9;9
1716468363.5882125;0;462;617;632;561;542;9;9;9;9;9
1716468363.6173363;0;462;617;632;561;542;9;9;9;9;9
1716468363.6273353;0;462;617;632;561;542;9;9;9;9;9
1716468363.6473267;0;451;616;629;557;537;9;9;9;9;9
1716468363.6673121;0;451;616;629;557;537;9;9;9;9;9
1716468363.6880486;0;451;616;629;557;537;9;9;9;9;9
1716468363.7172794;0;447;614;623;550;530;9;9;9;9;9
1716468363.7283142;0;447;614;623;550;530;9;9;9;9;9
1716468363.7479353;0;447;614;623;550;530;9;9;9;9;9
1716468363.794971;0;444;612;620;545;524;9;9;9;9;9
1716468363.8149374;0;444;612;620;545;524;9;9;9;9;9
1716468363.8169816;0;444;612;620;545;524;9;9;9;9;9
1716468363.8356185;0;443;610;618;543;521;9;9;9;9;9
1716468363.8476307;0;443;610;618;543;521;9;9;9;9;9
1716468363.8675988;0;443;610;618;543;521;9;9;9;9;9
1716468363.8978412;0;442;610;616;541;520;9;9;9;9;9
1716468363.9078763;0;442;610;616;541;520;9;9;9;9;9
1716468363.927864;0;442;610;616;541;520;9;9;9;9;9
1716468363.9468338;0;442;610;616;541;519;9;9;9;9;9
1716468363.977937;0;442;610;616;541;519;9;9;9;9;9
1716468363.9976277;0;442;610;616;541;519;9;9;9;9;9
1716468364.0079415;0;442;610;616;541;519;9;9;9;9;9
1716468364.0289326;0;442;610;616;541;519;9;9;9;9;9
1716468364.0479224;0;442;610;616;541;519;9;9;9;9;9
1716468364.0675848;0;442;611;617;541;519;9;9;9;9;9
1716468364.0882373;0;442;611;617;541;519;9;9;9;9;9
1716468364.1176279;0;442;611;617;541;519;9;9;9;9;9
1716468364.1356406;0;442;611;617;541;519;9;9;9;9;9
1716468364.1476343;0;443;613;619;544;521;9;9;9;9;9
1716468364.1676044;0;443;613;619;544;521;9;9;9;9;9
1716468364.1979709;0;443;613;619;544;521;9;9;9;9;9
1716468364.213812;0;443;615;620;545;523;9;9;9;9;9
1716468364.2278075;0;443;615;620;545;523;9;9;9;9;9
1716468364.2478034;0;443;615;620;545;523;9;9;9;9;9
1716468364.2672462;0;447;616;623;548;526;9;9;9;9;9
1716468364.287547;0;447;616;623;548;526;9;9;9;9;9
1716468364.350444;0;447;616;623;548;526;9;9;9;9;9
1716468364.3534517;0;451;619;625;552;532;9;9;9;9;9
1716468364.3554447;0;451;619;625;552;532;9;9;9;9;9
1716468364.3674378;0;451;619;625;552;532;9;9;9;9;9
1716468364.387445;0;454;620;626;555;535;9;9;9;9;9
1716468364.4074345;0;454;620;626;555;535;9;9;9;9;9
1716468364.428416;0;454;620;626;555;535;9;9;9;9;9
1716468364.4474292;0;456;621;628;558;538;9;9;9;9;9
1716468364.4679325;0;456;621;628;558;538;9;9;9;9;9
1716468364.4879432;0;456;621;628;558;538;9;9;9;9;9
1716468364.5076118;0;460;621;630;560;541;9;9;9;9;9
1716468364.528669;0;460;621;630;560;541;9;9;9;9;9
1716468364.5476632;0;460;621;630;560;541;9;9;9;9;9
1716468364.568155;0;462;621;632;561;542;9;9;9;9;9
1716468364.5979478;0;462;621;632;561;542;9;9;9;9;9
1716468364.6075466;0;462;621;632;561;542;9;9;9;9;9
1716468364.6295378;0;464;620;633;562;544;9;9;9;9;9
1716468364.6475277;0;464;620;633;562;544;9;9;9;9;9
1716468364.6779807;0;464;620;633;562;544;9;9;9;9;9
1716468364.6876183;0;464;620;632;562;544;9;9;9;9;9
1716468364.707935;0;464;620;632;562;544;9;9;9;9;9
1716468364.7379227;0;464;620;632;562;544;9;9;9;9;9
1716468364.747928;0;459;619;632;561;543;9;9;9;9;9
1716468364.7681549;0;459;619;632;561;543;9;9;9;9;9
1716468364.8148475;0;459;619;632;561;543;9;9;9;9;9
1716468364.8168402;0;452;616;630;559;540;9;9;9;9;9
1716468364.8288202;0;452;616;630;559;540;9;9;9;9;9
1716468364.8478177;0;452;616;630;559;540;9;9;9;9;9
1716468364.8776731;0;448;614;626;555;534;9;9;9;9;9
1716468364.8879354;0;448;614;626;555;534;9;9;9;9;9
1716468364.9138775;0;448;614;626;555;534;9;9;9;9;9
1716468364.937968;0;446;612;623;550;529;9;9;9;9;9
1716468364.9479651;0;446;612;623;550;529;9;9;9;9;9
1716468364.967955;0;446;612;623;550;529;9;9;9;9;9
1716468364.9876287;0;445;610;620;546;525;9;9;9;9;9
1716468365.0081718;0;445;610;620;546;525;9;9;9;9;9
1716468365.028164;0;445;610;620;546;525;9;9;9;9;9
1716468365.0481555;0;443;609;618;544;522;9;9;9;9;9
1716468365.0780241;0;443;609;618;544;522;9;9;9;9;9
1716468365.0876703;0;443;609;618;544;522;9;9;9;9;9
1716468365.107943;0;442;608;616;542;521;9;9;9;9;9
1716468365.1279714;0;442;608;616;542;521;9;9;9;9;9
1716468365.1469615;0;442;608;616;542;521;9;9;9;9;9
1716468365.1679385;0;441;608;616;541;520;9;9;9;9;9
1716468365.1875827;0;441;608;616;541;520;9;9;9;9;9
1716468365.2079446;0;441;608;616;541;520;9;9;9;9;9
1716468365.2289362;0;441;608;616;541;520;9;9;9;9;9
1716468365.2469478;0;441;608;616;541;520;9;9;9;9;9
1716468365.277983;0;441;608;616;541;520;9;9;9;9;9
1716468365.2875845;0;442;609;617;542;521;9;9;9;9;9
1716468365.3082085;0;442;609;617;542;521;9;9;9;9;9
1716468365.3282015;0;442;609;617;542;521;9;9;9;9;9
1716468365.3472104;0;444;611;620;544;523;9;9;9;9;9
1716468365.3676124;0;444;611;620;544;523;9;9;9;9;9
1716468365.387583;0;444;611;620;544;523;9;9;9;9;9
1716468365.4558983;0;449;612;621;547;527;9;9;9;9;9
1716468365.4579012;0;449;612;621;547;527;9;9;9;9;9
1716468365.4619002;0;449;612;621;547;527;9;9;9;9;9
1716468365.4768908;0;449;612;621;547;527;9;9;9;9;9
1716468365.4878936;0;452;614;624;551;532;9;9;9;9;9
1716468365.5068724;0;452;614;624;551;532;9;9;9;9;9
1716468365.5388553;0;452;614;624;551;532;9;9;9;9;9
1716468365.5468688;0;453;615;627;555;536;9;9;9;9;9
1716468365.5678835;0;453;615;627;555;536;9;9;9;9;9
1716468365.5875022;0;453;615;627;555;536;9;9;9;9;9
1716468365.618289;0;455;617;630;557;539;9;9;9;9;9
1716468365.6282873;0;455;617;630;557;539;9;9;9;9;9
1716468365.6472979;0;455;617;630;557;539;9;9;9;9;9
1716468365.6785014;0;457;618;632;559;541;9;9;9;9;9
1716468365.6876721;0;457;618;632;559;541;9;9;9;9;9
1716468365.7079525;0;457;618;632;559;541;9;9;9;9;9
1716468365.734817;0;459;618;633;560;542;9;9;9;9;9
1716468365.753804;0;459;618;633;560;542;9;9;9;9;9
1716468365.7684417;0;459;618;633;560;542;9;9;9;9;9
1716468365.788214;0;460;619;634;560;542;9;9;9;9;9
1716468365.8174746;0;460;619;634;560;542;9;9;9;9;9
1716468365.8284717;0;460;619;634;560;542;9;9;9;9;9
1716468365.8474827;0;460;619;634;560;542;9;9;9;9;9
1716468365.8952212;0;460;619;634;560;542;9;9;9;9;9
1716468365.8972158;0;460;619;634;560;542;9;9;9;9;9
1716468365.9079442;0;460;618;633;560;542;9;9;9;9;9
1716468365.9349327;0;460;618;633;560;542;9;9;9;9;9
1716468365.9579425;0;460;618;633;560;542;9;9;9;9;9
1716468365.9676263;0;458;618;632;560;541;9;9;9;9;9
1716468365.9882154;0;458;618;632;560;541;9;9;9;9;9
1716468366.008486;0;458;618;632;560;541;9;9;9;9;9
1716468366.02948;0;452;617;631;558;539;9;9;9;9;9
1716468366.0477846;0;452;617;631;558;539;9;9;9;9;9
1716468366.077983;0;452;617;631;558;539;9;9;9;9;9
1716468366.0875828;0;446;615;627;553;534;9;9;9;9;9
1716468366.1076677;0;446;615;627;553;534;9;9;9;9;9
1716468366.1386552;0;446;615;627;553;534;9;9;9;9;9
1716468366.2082427;0;443;612;622;547;527;9;9;9;9;9
1716468366.211883;0;443;612;622;547;527;9;9;9;9;9
1716468366.2363098;0;443;612;622;547;527;9;9;9;9;9
1716468366.2383602;0;441;610;619;543;523;9;9;9;9;9
1716468366.2483568;0;441;610;619;543;523;9;9;9;9;9
1716468366.249357;0;441;610;619;543;523;9;9;9;9;9
1716468366.2683475;0;440;609;616;541;520;9;9;9;9;9
1716468366.2873504;0;440;609;616;541;520;9;9;9;9;9
1716468366.3079069;0;440;609;616;541;520;9;9;9;9;9
1716468366.3378937;0;439;608;616;540;519;9;9;9;9;9
1716468366.3478906;0;439;608;616;540;519;9;9;9;9;9
1716468366.3679798;0;439;608;616;540;519;9;9;9;9;9
1716468366.3939197;0;438;609;616;540;520;9;9;9;9;9
1716468366.408041;0;438;609;616;540;520;9;9;9;9;9
1716468366.4280975;0;438;609;616;540;520;9;9;9;9;9
1716468366.458084;0;438;609;617;540;519;9;9;9;9;9
1716468366.4779356;0;438;609;617;540;519;9;9;9;9;9
1716468366.4980588;0;438;609;617;540;519;9;9;9;9;9
1716468366.5076666;0;439;610;617;540;520;9;9;9;9;9
1716468366.5798917;0;439;610;617;540;520;9;9;9;9;9
1716468366.5798917;0;439;610;617;540;520;9;9;9;9;9
1716468366.5872595;0;441;611;618;541;521;9;9;9;9;9
1716468366.589729;0;441;611;618;541;521;9;9;9;9;9
1716468366.6078222;0;441;611;618;541;521;9;9;9;9;9
1716468366.628754;0;444;611;620;543;523;9;9;9;9;9
1716468366.6719782;0;444;611;620;543;523;9;9;9;9;9
1716468366.673994;0;444;611;620;543;523;9;9;9;9;9
1716468366.6879818;0;448;612;621;546;527;9;9;9;9;9
1716468366.707581;0;448;612;621;546;527;9;9;9;9;9
1716468366.7286308;0;448;612;621;546;527;9;9;9;9;9
1716468366.7576292;0;451;612;623;549;530;9;9;9;9;9
1716468366.7949896;0;451;612;623;549;530;9;9;9;9;9
1716468366.7969415;0;451;612;623;549;530;9;9;9;9;9
1716468366.8179789;0;453;613;625;552;533;9;9;9;9;9
1716468366.854962;0;453;613;625;552;533;9;9;9;9;9
1716468366.8589644;0;453;613;625;552;533;9;9;9;9;9
1716468366.867979;0;453;613;625;552;533;9;9;9;9;9
1716468366.8979657;0;454;614;629;555;535;9;9;9;9;9
1716468366.907272;0;454;614;629;555;535;9;9;9;9;9
1716468366.9282634;0;454;614;629;555;535;9;9;9;9;9
1716468366.9472532;0;455;615;631;556;538;9;9;9;9;9
1716468366.9675806;0;455;615;631;556;538;9;9;9;9;9
1716468366.9876623;0;455;615;631;556;538;9;9;9;9;9
1716468367.0182867;0;460;616;633;558;539;9;9;9;9;9
1716468367.028336;0;460;616;633;558;539;9;9;9;9;9
1716468367.047343;0;460;616;633;558;539;9;9;9;9;9
1716468367.0683134;0;463;617;634;559;540;9;9;9;9;9
1716468367.0877073;0;463;617;634;559;540;9;9;9;9;9
1716468367.1079874;0;463;617;634;559;540;9;9;9;9;9
1716468367.1279817;0;466;617;635;560;541;9;9;9;9;9
1716468367.1469908;0;466;617;635;560;541;9;9;9;9;9
1716468367.1679862;0;466;617;635;560;541;9;9;9;9;9
1716468367.1879926;0;464;617;635;559;540;9;9;9;9;9
1716468367.217616;0;464;617;635;559;540;9;9;9;9;9
1716468367.2276855;0;464;617;635;559;540;9;9;9;9;9
1716468367.2476742;0;456;616;633;557;538;9;9;9;9;9
1716468367.2676623;0;456;616;633;557;538;9;9;9;9;9
1716468367.2980096;0;456;616;633;557;538;9;9;9;9;9
1716468367.3074415;0;448;615;628;553;533;9;9;9;9;9
1716468367.3279233;0;448;615;628;553;533;9;9;9;9;9
1716468367.3539073;0;448;615;628;553;533;9;9;9;9;9
1716468367.3679116;0;444;613;623;548;528;9;9;9;9;9
1716468367.3875735;0;444;613;623;548;528;9;9;9;9;9
1716468367.4078295;0;444;613;623;548;528;9;9;9;9;9
1716468367.4278913;0;442;611;620;544;524;9;9;9;9;9
1716468367.4468806;0;442;611;620;544;524;9;9;9;9;9
1716468367.5005429;0;442;611;620;544;524;9;9;9;9;9
1716468367.507904;0;441;610;618;542;522;9;9;9;9;9
1716468367.5105314;0;441;610;618;542;522;9;9;9;9;9
1716468367.5345204;0;441;610;618;542;522;9;9;9;9;9
1716468367.5485153;0;440;610;618;541;521;9;9;9;9;9
1716468367.577661;0;440;610;618;541;521;9;9;9;9;9
1716468367.5877104;0;440;610;618;541;521;9;9;9;9;9
1716468367.6138532;0;440;610;618;541;520;9;9;9;9;9
1716468367.6278486;0;440;610;618;541;520;9;9;9;9;9
1716468367.671376;0;440;610;618;541;520;9;9;9;9;9
1716468367.6785486;0;440;611;618;541;521;9;9;9;9;9
1716468367.697942;0;440;611;618;541;521;9;9;9;9;9
1716468367.732709;0;440;611;618;541;521;9;9;9;9;9
1716468367.7606974;0;441;612;618;542;522;9;9;9;9;9
1716468367.7627063;0;441;612;618;542;522;9;9;9;9;9
1716468367.7949624;0;441;612;618;542;522;9;9;9;9;9
1716468367.796921;0;441;613;620;543;523;9;9;9;9;9
1716468367.818257;0;441;613;620;543;523;9;9;9;9;9
1716468367.8302531;0;441;613;620;543;523;9;9;9;9;9
1716468367.847245;0;442;614;620;544;523;9;9;9;9;9
1716468367.8672338;0;442;614;620;544;523;9;9;9;9;9
1716468367.8974867;0;442;614;620;544;523;9;9;9;9;9
1716468367.9074404;0;444;615;621;545;525;9;9;9;9;9
1716468367.938427;0;444;615;621;545;525;9;9;9;9;9
1716468367.9474223;0;444;615;621;545;525;9;9;9;9;9
1716468367.9680357;0;449;617;623;549;529;9;9;9;9;9
1716468367.9876702;0;449;617;623;549;529;9;9;9;9;9
1716468368.0083585;0;449;617;623;549;529;9;9;9;9;9
1716468368.0373611;0;451;617;625;552;534;9;9;9;9;9
1716468368.0473588;0;451;617;625;552;534;9;9;9;9;9
1716468368.067946;0;451;617;625;552;534;9;9;9;9;9
1716468368.0979543;0;452;618;627;555;537;9;9;9;9;9
1716468368.107587;0;452;618;627;555;537;9;9;9;9;9
1716468368.1285791;0;452;618;627;555;537;9;9;9;9;9
1716468368.157563;0;452;618;627;555;537;9;9;9;9;9
1716468368.168342;0;453;619;629;558;540;9;9;9;9;9
1716468368.1880121;0;453;619;629;558;540;9;9;9;9;9
1716468368.2077084;0;453;619;629;558;540;9;9;9;9;9
1716468368.2388408;0;455;620;630;560;542;9;9;9;9;9
1716468368.2478359;0;455;620;630;560;542;9;9;9;9;9
1716468368.2680368;0;455;620;630;560;542;9;9;9;9;9
1716468368.2979417;0;459;620;632;561;544;9;9;9;9;9
1716468368.334938;0;459;620;632;561;544;9;9;9;9;9
1716468368.3369424;0;459;620;632;561;544;9;9;9;9;9
1716468368.3479333;0;460;620;633;562;545;9;9;9;9;9
1716468368.3779366;0;460;620;633;562;545;9;9;9;9;9
1716468368.3875587;0;460;620;633;562;545;9;9;9;9;9
1716468368.4083345;0;459;620;633;562;545;9;9;9;9;9
1716468368.438322;0;459;620;633;562;545;9;9;9;9;9
1716468368.4473362;0;459;620;633;562;545;9;9;9;9;9
1716468368.4679782;0;458;619;632;561;544;9;9;9;9;9
1716468368.498019;0;458;619;632;561;544;9;9;9;9;9
1716468368.507631;0;458;619;632;561;544;9;9;9;9;9
1716468368.5286238;0;453;617;630;559;541;9;9;9;9;9
1716468368.558452;0;453;617;630;559;541;9;9;9;9;9
1716468368.5777087;0;453;617;630;559;541;9;9;9;9;9
1716468368.588586;0;447;615;625;554;535;9;9;9;9;9
1716468368.6082852;0;447;615;625;554;535;9;9;9;9;9
1716468368.6292508;0;447;615;625;554;535;9;9;9;9;9
1716468368.6472359;0;444;612;620;547;527;9;9;9;9;9
1716468368.6676228;0;444;612;620;547;527;9;9;9;9;9
1716468368.6983125;0;444;612;620;547;527;9;9;9;9;9
1716468368.7082968;0;442;610;618;543;523;9;9;9;9;9
1716468368.7282898;0;442;610;618;543;523;9;9;9;9;9
1716468368.8079774;0;442;610;618;543;523;9;9;9;9;9
1716468368.8107047;0;441;609;617;541;521;9;9;9;9;9
1716468368.8140352;0;441;609;617;541;521;9;9;9;9;9
1716468368.816036;0;441;609;617;541;521;9;9;9;9;9
1716468368.8550167;0;441;608;616;540;520;9;9;9;9;9
1716468368.8560197;0;441;608;616;540;520;9;9;9;9;9
1716468368.8680162;0;441;608;616;540;520;9;9;9;9;9
1716468368.8877115;0;440;608;615;540;520;9;9;9;9;9
1716468368.907705;0;440;608;615;540;520;9;9;9;9;9
1716468368.9286964;0;440;608;615;540;520;9;9;9;9;9
1716468369.0018353;0;440;608;615;540;519;9;9;9;9;9
1716468369.0040908;0;440;608;615;540;519;9;9;9;9;9
1716468369.0060651;0;440;608;615;540;519;9;9;9;9;9
1716468369.0183585;0;441;609;616;540;520;9;9;9;9;9
1716468369.028358;0;441;609;616;540;520;9;9;9;9;9
1716468369.047346;0;441;609;616;540;520;9;9;9;9;9
1716468369.0673559;0;441;610;616;540;520;9;9;9;9;9
1716468369.094162;0;441;610;616;540;520;9;9;9;9;9
1716468369.1076245;0;441;610;616;540;520;9;9;9;9;9
1716468369.1994946;0;443;611;618;542;522;9;9;9;9;9
1716468369.200875;0;443;611;618;542;522;9;9;9;9;9
1716468369.2081523;0;443;611;618;542;522;9;9;9;9;9
1716468369.2119021;0;446;611;620;545;525;9;9;9;9;9
1716468369.2139;0;446;611;620;545;525;9;9;9;9;9
1716468369.2279077;0;446;611;620;545;525;9;9;9;9;9
1716468369.2479186;0;448;612;622;547;529;9;9;9;9;9
1716468369.2679105;0;448;612;622;547;529;9;9;9;9;9
1716468369.293901;0;448;612;622;547;529;9;9;9;9;9
1716468369.3351147;0;450;613;623;549;532;9;9;9;9;9
1716468369.3391156;0;450;613;623;549;532;9;9;9;9;9
1716468369.3471115;0;450;613;623;549;532;9;9;9;9;9
1716468369.3681211;0;452;615;624;552;535;9;9;9;9;9
1716468369.388105;0;452;615;624;552;535;9;9;9;9;9
1716468369.4081447;0;452;615;624;552;535;9;9;9;9;9
1716468369.43913;0;452;615;624;552;535;9;9;9;9;9
1716468369.447145;0;453;616;625;554;538;9;9;9;9;9
1716468369.4680414;0;453;616;625;554;538;9;9;9;9;9
1716468369.4980586;0;453;616;625;554;538;9;9;9;9;9
1716468369.5076678;0;453;616;627;555;541;9;9;9;9;9
1716468369.5496662;0;453;616;627;555;541;9;9;9;9;9
1716468369.5526483;0;453;616;627;555;541;9;9;9;9;9
1716468369.567715;0;455;617;628;557;543;9;9;9;9;9
1716468369.5876083;0;455;617;628;557;543;9;9;9;9;9
1716468369.6077123;0;455;617;628;557;543;9;9;9;9;9
1716468369.6407175;0;456;618;630;558;545;9;9;9;9;9
1716468369.6576889;0;456;618;630;558;545;9;9;9;9;9
1716468369.6680584;0;456;618;630;558;545;9;9;9;9;9
1716468369.6876667;0;458;618;631;559;546;9;9;9;9;9
1716468369.708079;0;458;618;631;559;546;9;9;9;9;9
1716468369.734069;0;458;618;631;559;546;9;9;9;9;9
1716468369.7480626;0;458;618;631;560;546;9;9;9;9;9
1716468369.7780874;0;458;618;631;560;546;9;9;9;9;9
1716468369.788307;0;458;618;631;560;546;9;9;9;9;9
1716468369.80771;0;457;618;631;559;546;9;9;9;9;9
1716468369.8287027;0;457;618;631;559;546;9;9;9;9;9
1716468369.861609;0;457;618;631;559;546;9;9;9;9;9
1716468369.868434;0;451;616;627;556;542;9;9;9;9;9
1716468369.8883274;0;451;616;627;556;542;9;9;9;9;9
1716468369.9174378;0;451;616;627;556;542;9;9;9;9;9
1716468369.9284341;0;446;614;624;552;536;9;9;9;9;9
1716468369.9474244;0;446;614;624;552;536;9;9;9;9;9
1716468369.994544;0;446;614;624;552;536;9;9;9;9;9
1716468369.996402;0;444;612;622;548;530;9;9;9;9;9
1716468370.0081363;0;444;612;622;548;530;9;9;9;9;9
1716468370.0402665;0;444;612;622;548;530;9;9;9;9;9
1716468370.0748196;0;442;611;620;544;526;9;9;9;9;9
1716468370.076942;0;442;611;620;544;526;9;9;9;9;9
1716468370.0874326;0;442;611;620;544;526;9;9;9;9;9
1716468370.1186664;0;442;609;618;543;523;9;9;9;9;9
1716468370.1286638;0;442;609;618;543;523;9;9;9;9;9
1716468370.1474931;0;442;609;618;543;523;9;9;9;9;9
1716468370.167502;0;442;608;617;541;522;9;9;9;9;9
1716468370.209967;0;442;608;617;541;522;9;9;9;9;9
1716468370.2131221;0;442;608;617;541;522;9;9;9;9;9
1716468370.2889853;0;442;608;617;541;521;9;9;9;9;9
1716468370.2889853;0;442;608;617;541;521;9;9;9;9;9
1716468370.2928927;0;442;608;617;541;521;9;9;9;9;9
1716468370.2948475;0;442;608;617;541;521;9;9;9;9;9
1716468370.318039;0;442;608;617;541;521;9;9;9;9;9
1716468370.3290367;0;442;608;617;541;521;9;9;9;9;9
1716468370.3471768;0;443;609;617;541;521;9;9;9;9;9
1716468370.3774374;0;443;609;617;541;521;9;9;9;9;9
1716468370.3885891;0;443;609;617;541;521;9;9;9;9;9
1716468370.4371877;0;443;609;617;542;521;9;9;9;9;9
1716468370.4611058;0;443;609;617;542;521;9;9;9;9;9
1716468370.4671202;0;443;609;617;542;521;9;9;9;9;9
1716468370.470102;0;443;609;618;542;522;9;9;9;9;9
1716468370.4880884;0;443;609;618;542;522;9;9;9;9;9
1716468370.5085552;0;443;609;618;542;522;9;9;9;9;9
1716468370.527547;0;443;610;618;542;522;9;9;9;9;9
1716468370.5485349;0;443;610;618;542;522;9;9;9;9;9
1716468370.5779839;0;443;610;618;542;522;9;9;9;9;9
1716468370.6514382;0;444;611;619;543;523;9;9;9;9;9
1716468370.6585078;0;444;611;619;543;523;9;9;9;9;9
1716468370.6675143;0;444;611;619;543;523;9;9;9;9;9
1716468370.668513;0;447;613;623;548;528;9;9;9;9;9
1716468370.672512;0;447;613;623;548;528;9;9;9;9;9
1716468370.6875014;0;447;613;623;548;528;9;9;9;9;9
1716468370.7179186;0;450;615;626;553;533;9;9;9;9;9
1716468370.728917;0;450;615;626;553;533;9;9;9;9;9
1716468370.7479036;0;450;615;626;553;533;9;9;9;9;9
1716468370.767894;0;450;615;626;553;533;9;9;9;9;9
1716468370.7885404;0;452;616;628;556;537;9;9;9;9;9
1716468370.8079958;0;452;616;628;556;537;9;9;9;9;9
1716468370.8280323;0;452;616;628;556;537;9;9;9;9;9
1716468370.8540182;0;453;617;630;558;539;9;9;9;9;9
1716468370.8676698;0;453;617;630;558;539;9;9;9;9;9
1716468370.8880394;0;453;617;630;558;539;9;9;9;9;9
1716468370.929834;0;455;617;631;559;541;9;9;9;9;9
1716468370.9337845;0;455;617;631;559;541;9;9;9;9;9
1716468370.9477787;0;455;617;631;559;541;9;9;9;9;9
1716468370.9777584;0;456;618;633;560;543;9;9;9;9;9
1716468370.9976556;0;456;618;633;560;543;9;9;9;9;9
1716468371.0273042;0;456;618;633;560;543;9;9;9;9;9
1716468371.034304;0;458;618;633;561;544;9;9;9;9;9
1716468371.0582898;0;458;618;633;561;544;9;9;9;9;9
1716468371.0673065;0;458;618;633;561;544;9;9;9;9;9
1716468371.087701;0;459;618;634;562;545;9;9;9;9;9
1716468371.1082976;0;459;618;634;562;545;9;9;9;9;9
1716468371.1400359;0;459;618;634;562;545;9;9;9;9;9
1716468371.1480334;0;460;618;635;562;546;9;9;9;9;9
1716468371.1685321;0;460;618;635;562;546;9;9;9;9;9
1716468371.1876605;0;460;618;635;562;546;9;9;9;9;9
1716468371.2080314;0;459;618;634;563;546;9;9;9;9;9
1716468371.2280233;0;459;618;634;563;546;9;9;9;9;9
1716468371.2570293;0;459;618;634;563;546;9;9;9;9;9
1716468371.2680454;0;457;618;634;562;545;9;9;9;9;9
1716468371.2938552;0;457;618;634;562;545;9;9;9;9;9
1716468371.3177903;0;457;618;634;562;545;9;9;9;9;9
1716468371.3388002;0;452;616;632;559;541;9;9;9;9;9
1716468371.347813;0;452;616;632;559;541;9;9;9;9;9
1716468371.3780544;0;452;616;632;559;541;9;9;9;9;9
1716468371.3881052;0;446;613;626;553;534;9;9;9;9;9
1716468371.4081895;0;446;613;626;553;534;9;9;9;9;9
1716468371.4281795;0;446;613;626;553;534;9;9;9;9;9
1716468371.448166;0;441;611;620;546;527;9;9;9;9;9
1716468371.4681551;0;441;611;620;546;527;9;9;9;9;9
1716468371.4881554;0;441;611;620;546;527;9;9;9;9;9
1716468371.5177567;0;439;609;617;544;524;9;9;9;9;9
1716468371.5877178;0;439;609;617;544;524;9;9;9;9;9
1716468371.5887191;0;439;609;617;544;524;9;9;9;9;9
1716468371.5917373;0;438;608;616;542;522;9;9;9;9;9
1716468371.6147032;0;438;608;616;542;522;9;9;9;9;9
1716468371.6167212;0;438;608;616;542;522;9;9;9;9;9
1716468371.6286936;0;438;608;616;541;522;9;9;9;9;9
1716468371.6576767;0;438;608;616;541;522;9;9;9;9;9
1716468371.6676712;0;438;608;616;541;522;9;9;9;9;9
1716468371.68768;0;438;608;615;541;522;9;9;9;9;9
1716468371.7697432;0;438;608;615;541;522;9;9;9;9;9
1716468371.7737443;0;438;608;615;541;522;9;9;9;9;9
1716468371.7747433;0;438;608;615;541;522;9;9;9;9;9
1716468371.7767625;0;438;608;615;541;522;9;9;9;9;9
1716468371.7937346;0;438;608;615;541;522;9;9;9;9;9
1716468371.8077457;0;438;608;616;541;522;9;9;9;9;9
1716468371.828715;0;438;608;616;541;522;9;9;9;9;9
1716468371.8537152;0;438;608;616;541;522;9;9;9;9;9
1716468371.8677344;0;438;608;615;541;522;9;9;9;9;9
1716468371.8876643;0;438;608;615;541;522;9;9;9;9;9
1716468371.918061;0;438;608;615;541;522;9;9;9;9;9
1716468371.9380527;0;438;608;615;541;522;9;9;9;9;9
1716468371.9470475;0;438;608;615;541;522;9;9;9;9;9
1716468371.9784358;0;438;608;615;541;522;9;9;9;9;9
1716468372.015076;0;438;608;616;542;522;9;9;9;9;9
1716468372.0171242;0;438;608;616;542;522;9;9;9;9;9
1716468372.0291214;0;438;608;616;542;522;9;9;9;9;9
1716468372.0571232;0;438;609;616;542;522;9;9;9;9;9
1716468372.0671163;0;438;609;616;542;522;9;9;9;9;9
1716468372.1211016;0;438;609;616;542;522;9;9;9;9;9
1716468372.124099;0;438;609;616;542;522;9;9;9;9;9
1716468372.1510832;0;438;609;615;542;522;9;9;9;9;9
1716468372.1531012;0;438;609;615;542;522;9;9;9;9;9
1716468372.1680741;0;438;609;615;542;522;9;9;9;9;9
1716468372.1942005;0;438;609;616;542;522;9;9;9;9;9
1716468372.2078025;0;438;609;616;542;522;9;9;9;9;9
1716468372.228783;0;438;609;616;542;522;9;9;9;9;9
1716468372.2577653;0;438;609;616;542;522;9;9;9;9;9
1716468372.267761;0;438;609;616;542;522;9;9;9;9;9
1716468372.28806;0;438;609;616;542;522;9;9;9;9;9
1716468372.308325;0;438;609;616;542;522;9;9;9;9;9
1716468372.3393333;0;438;609;616;542;522;9;9;9;9;9
1716468372.3473067;0;438;609;616;542;522;9;9;9;9;9
1716468372.3680534;0;438;609;616;542;522;9;9;9;9;9
1716468372.3876858;0;438;609;616;542;522;9;9;9;9;9
1716468372.4077132;0;438;609;616;542;522;9;9;9;9;9
1716468372.428704;0;438;609;616;542;522;9;9;9;9;9
1716468372.5072331;0;438;609;616;542;522;9;9;9;9;9
1716468372.5098767;0;438;609;616;542;522;9;9;9;9;9
1716468372.5130339;0;438;609;616;542;522;9;9;9;9;9
1716468372.5150204;0;438;609;616;542;522;9;9;9;9;9
1716468372.5383053;0;438;609;616;542;522;9;9;9;9;9
1716468372.5473022;0;438;609;616;542;522;9;9;9;9;9
1716468372.5676339;0;438;609;616;542;522;9;9;9;9;9
1716468372.593927;0;438;609;616;542;522;9;9;9;9;9
1716468372.6078022;0;438;609;615;542;522;9;9;9;9;9
